timestamp;sensor_id;lon;lat;P1;P2;precipitation;temperature;humidity;pressure;wind_speed;wind_deg
2020-10-20 07:00:00;33882;9.195;48.78;36.5;15.5;0.0;4.9;87.0;978.5;4.2;150
2020-10-20 08:00:00;33882;9.195;48.78;39.1;16.3;0.0;5.9;84.0;979.0;1.6;150
2020-10-20 09:00:00;33882;9.195;48.78;27.66;13.22;0.0;7.4;79.0;979.0;2.9;150
2020-10-20 10:00:00;33882;9.195;48.78;21.14;9.695;0.0;9.5;70.0;978.5;3.0;140
2020-10-20 11:00:00;33882;9.195;48.78;18.6;8.13;0.0;13.0;61.0;978.5;4.0;160
2020-10-20 12:00:00;33882;9.195;48.78;15.66;6.652;0.0;14.4;61.0;977.5;3.7;150
2020-10-20 13:00:00;33882;9.195;48.78;9.62;4.37;0.0;15.4;57.0;977.0;3.9;140
2020-10-20 14:00:00;33882;9.195;48.78;18.12;5.754;0.0;16.8;55.0;977.0;3.0;140
2020-10-20 15:00:00;33882;9.195;48.78;18.05;7.047;0.0;16.4;57.0;977.0;1.8;130
2020-10-20 16:00:00;33882;9.195;48.78;22.73;9.02;0.0;15.3;64.0;977.0;1.7;140
2020-10-20 17:00:00;33882;9.195;48.78;20.2;8.41;0.0;14.9;67.0;977.0;1.9;160
2020-10-20 18:00:00;33882;9.195;48.78;23.0;9.63;0.0;13.6;73.0;977.0;1.8;150
2020-10-20 19:00:00;33882;9.195;48.78;25.81;10.72;0.0;13.1;78.0;977.0;2.5;150
2020-10-20 20:00:00;33882;9.195;48.78;26.34;11.92;0.0;12.3;81.0;976.5;3.6;140
2020-10-20 21:00:00;33882;9.195;48.78;23.12;11.21;0.0;11.1;86.0;976.0;3.1;140
2020-10-20 22:00:00;33882;9.195;48.78;16.66;9.01;0.0;10.6;89.0;975.0;2.5;140
2020-10-20 23:00:00;33882;9.195;48.78;17.44;9.04;0.0;10.7;81.0;975.0;2.7;160
2020-10-21 00:00:00;33882;9.195;48.78;19.28;9.2;0.0;10.4;83.0;974.5;3.1;160
2020-10-21 01:00:00;33882;9.195;48.78;18.39;9.586;0.0;10.4;83.0;974.0;2.8;150
2020-10-21 02:00:00;33882;9.195;48.78;19.11;9.66;0.0;10.1;83.0;973.5;2.7;150
2020-10-21 03:00:00;33882;9.195;48.78;18.69;9.336;0.0;9.8;84.0;973.0;2.2;140
2020-10-21 04:00:00;33882;9.195;48.78;22.64;9.5;0.0;10.4;79.0;973.0;3.4;160
2020-10-21 05:00:00;33882;9.195;48.78;18.94;8.7;0.0;10.2;80.0;973.0;3.1;150
2020-10-21 06:00:00;33882;9.195;48.78;20.08;9.086;0.0;9.9;82.0;972.5;3.0;150
2020-10-21 07:00:00;33882;9.195;48.78;23.03;8.39;0.0;10.1;82.0;973.0;2.5;150
2020-10-21 08:00:00;33882;9.195;48.78;21.25;7.707;0.0;11.1;79.0;974.0;2.2;150
2020-10-21 09:00:00;33882;9.195;48.78;22.8;7.047;0.0;12.5;72.0;974.0;2.7;150
2020-10-21 10:00:00;33882;9.195;48.78;23.6;8.37;0.0;13.4;69.0;973.5;2.0;140
2020-10-21 11:00:00;33882;9.195;48.78;27.92;8.555;0.0;14.7;65.0;973.5;2.0;160
2020-10-21 12:00:00;33882;9.195;48.78;27.81;7.71;0.0;14.9;66.0;973.5;1.9;140
2020-10-21 13:00:00;33882;9.195;48.78;38.7;8.516;0.0;16.3;60.0;973.0;3.9;140
2020-10-21 14:00:00;33882;9.195;48.78;26.6;7.766;0.0;16.7;62.0;973.0;2.8;150
2020-10-21 15:00:00;33882;9.195;48.78;16.64;5.375;0.0;17.8;59.0;973.5;2.5;140
2020-10-21 16:00:00;33882;9.195;48.78;19.75;6.754;0.0;16.8;61.0;973.5;2.2;150
2020-10-21 17:00:00;33882;9.195;48.78;14.016;5.91;0.0;15.4;68.0;974.0;4.0;170
2020-10-21 18:00:00;33882;9.195;48.78;14.88;5.18;0.0;15.1;66.0;975.0;4.4;170
2020-10-21 19:00:00;33882;9.195;48.78;13.18;5.355;0.0;15.2;60.0;975.0;4.0;170
2020-10-21 20:00:00;33882;9.195;48.78;15.41;6.25;0.0;14.1;70.0;976.0;2.6;160
2020-10-21 21:00:00;33882;9.195;48.78;17.1;6.62;0.0;14.5;66.0;976.5;2.6;160
2020-10-21 22:00:00;33882;9.195;48.78;14.11;4.76;0.0;15.2;57.0;977.0;3.8;170
2020-10-21 23:00:00;33882;9.195;48.78;12.48;4.223;0.0;15.6;55.0;977.5;4.3;180
2020-10-22 00:00:00;33882;9.195;48.78;14.58;4.906;0.0;13.8;66.0;977.5;3.7;180
2020-10-22 01:00:00;33882;9.195;48.78;18.7;6.027;0.0;14.6;63.0;978.0;2.9;180
2020-10-22 02:00:00;33882;9.195;48.78;19.39;4.562;0.0;14.2;66.0;978.0;4.0;180
2020-10-22 03:00:00;33882;9.195;48.78;16.03;4.348;0.0;14.6;65.0;978.0;4.2;180
2020-10-22 04:00:00;33882;9.195;48.78;21.4;7.383;0.0;14.5;65.0;978.5;4.1;180
2020-10-22 05:00:00;33882;9.195;48.78;27.36;9.414;0.0;13.7;70.0;978.5;2.7;170
2020-10-22 06:00:00;33882;9.195;48.78;42.38;9.02;0.0;12.5;76.0;978.5;2.8;160
2020-10-22 07:00:00;33882;9.195;48.78;42.8;8.914;0.0;13.7;70.0;979.5;3.2;170
2020-10-22 08:00:00;33882;9.195;48.78;63.22;8.02;0.0;15.2;66.0;980.0;2.2;180
2020-10-22 09:00:00;33882;9.195;48.78;18.77;3.814;0.0;17.7;56.0;980.0;3.6;180
2020-10-22 10:00:00;33882;9.195;48.78;29.36;6.094;0.0;18.5;55.0;980.0;3.1;190
2020-10-22 11:00:00;33882;9.195;48.78;22.62;4.867;0.0;17.8;62.0;980.0;2.7;160
2020-10-22 12:00:00;33882;9.195;48.78;18.75;3.453;0.0;19.3;56.0;979.0;2.5;150
2020-10-22 13:00:00;33882;9.195;48.78;19.14;3.47;0.0;21.0;45.0;978.5;2.6;190
2020-10-22 14:00:00;33882;9.195;48.78;26.11;4.09;0.0;21.5;44.0;978.0;3.2;170
2020-10-22 15:00:00;33882;9.195;48.78;27.4;5.035;0.0;21.2;46.0;978.0;2.8;180
2020-10-22 16:00:00;33882;9.195;48.78;18.9;4.34;0.0;20.4;47.0;978.5;2.7;190
2020-10-22 17:00:00;33882;9.195;48.78;19.98;5.023;0.0;17.9;62.0;979.5;3.3;190
2020-10-22 18:00:00;33882;9.195;48.78;19.1;5.73;0.3;15.1;79.0;979.5;3.8;190
2020-10-22 19:00:00;33882;9.195;48.78;20.86;6.12;0.1;14.7;81.0;979.5;3.2;180
2020-10-22 20:00:00;33882;9.195;48.78;23.7;7.04;0.0;14.4;85.0;979.5;2.8;170
2020-10-22 21:00:00;33882;9.195;48.78;22.08;6.434;0.0;14.4;85.0;979.5;3.2;160
2020-10-22 22:00:00;33882;9.195;48.78;21.2;5.85;0.0;14.1;87.0;979.0;2.9;170
2020-10-22 23:00:00;33882;9.195;48.78;20.19;5.277;0.0;14.4;85.0;979.0;3.0;170
2020-10-23 00:00:00;33882;9.195;48.78;21.17;5.203;0.1;14.3;86.0;979.0;2.8;190
2020-10-23 01:00:00;33882;9.195;48.78;27.52;5.17;0.4;14.0;90.0;979.0;3.1;170
2020-10-23 02:00:00;33882;9.195;48.78;23.14;4.836;0.7;13.5;95.0;978.5;3.4;160
2020-10-23 03:00:00;33882;9.195;48.78;23.06;4.9;0.5;13.4;96.0;978.5;2.5;160
2020-10-23 04:00:00;33882;9.195;48.78;24.23;6.035;0.8;13.4;96.0;978.0;1.7;140
2020-10-23 05:00:00;33882;9.195;48.78;23.66;5.707;0.4;13.4;96.0;978.0;1.8;160
2020-10-23 06:00:00;33882;9.195;48.78;29.6;7.5;0.1;13.4;95.0;977.5;2.5;160
2020-10-23 07:00:00;33882;9.195;48.78;17.03;3.668;0.0;13.5;94.0;977.0;2.7;160
2020-10-23 08:00:00;33882;9.195;48.78;9.414;2.45;0.0;14.3;88.0;977.5;2.1;170
2020-10-23 09:00:00;33882;9.195;48.78;9.24;2.531;0.0;15.0;82.0;977.0;2.4;190
2020-10-23 10:00:00;33882;9.195;48.78;5.87;1.492;0.0;15.3;81.0;977.0;2.8;190
2020-10-23 11:00:00;33882;9.195;48.78;7.215;1.57;0.0;15.8;77.0;977.0;3.3;180
2020-10-23 12:00:00;33882;9.195;48.78;6.785;1.65;0.0;15.8;81.0;976.5;2.4;180
2020-10-23 13:00:00;33882;9.195;48.78;6.16;1.667;0.0;16.0;80.0;976.0;2.1;200
2020-10-23 14:00:00;33882;9.195;48.78;8.71;2.227;0.5;15.2;87.0;975.5;2.0;200
2020-10-23 15:00:00;33882;9.195;48.78;14.41;4.11;1.5;14.8;92.0;975.5;1.7;190
2020-10-23 16:00:00;33882;9.195;48.78;10.77;3.842;0.9;14.4;93.0;976.0;2.3;190
2020-10-23 17:00:00;33882;9.195;48.78;9.625;4.117;0.4;14.2;95.0;976.5;1.1;230
2020-10-23 18:00:00;33882;9.195;48.78;9.484;3.982;0.0;14.2;93.0;977.0;1.6;260
2020-10-23 19:00:00;33882;9.195;48.78;14.6;6.637;0.0;13.9;93.0;977.0;1.1;250
2020-10-23 20:00:00;33882;9.195;48.78;8.336;4.418;0.1;13.9;91.0;977.5;1.0;230
2020-10-23 21:00:00;33882;9.195;48.78;7.758;3.787;0.0;13.9;89.0;978.0;1.6;210
2020-10-23 22:00:00;33882;9.195;48.78;6.55;3.033;0.0;13.6;92.0;978.0;1.1;240
2020-10-23 23:00:00;33882;9.195;48.78;4.902;2.514;0.0;13.5;91.0;978.0;1.6;190
2020-10-24 00:00:00;33882;9.195;48.78;6.84;2.559;0.0;13.5;91.0;978.5;1.6;220
2020-10-24 01:00:00;33882;9.195;48.78;7.523;3.242;0.1;13.3;92.0;978.5;1.2;230
2020-10-24 02:00:00;33882;9.195;48.78;7.133;3.693;1.0;12.8;96.0;979.0;1.8;270
2020-10-24 03:00:00;33882;9.195;48.78;10.17;5.258;0.0;12.8;94.0;979.0;1.9;270
2020-10-24 04:00:00;33882;9.195;48.78;13.41;7.02;0.0;12.6;92.0;979.5;2.5;290
2020-10-24 05:00:00;33882;9.195;48.78;11.62;6.38;0.0;12.2;92.0;980.0;2.1;270
2020-10-24 06:00:00;33882;9.195;48.78;15.23;7.15;0.0;12.1;90.0;980.5;2.0;280
2020-10-24 07:00:00;33882;9.195;48.78;10.31;4.523;0.0;12.3;91.0;980.5;1.7;240
2020-10-24 08:00:00;33882;9.195;48.78;4.56;1.349;0.0;13.7;85.0;981.0;1.9;160
2020-10-24 09:00:00;33882;9.195;48.78;5.15;1.097;0.0;14.2;75.0;981.5;2.2;210
2020-10-24 10:00:00;33882;9.195;48.78;3.492;0.93;0.0;14.7;69.0;981.5;3.4;260
2020-10-24 11:00:00;33882;9.195;48.78;3.346;0.83;0.0;16.3;60.0;981.0;2.6;240
2020-10-24 12:00:00;33882;9.195;48.78;2.586;0.8667;0.0;15.6;60.0;980.5;3.7;230
2020-10-24 13:00:00;33882;9.195;48.78;3.646;0.824;0.0;16.2;57.0;980.0;3.5;250
2020-10-24 14:00:00;33882;9.195;48.78;3.61;1.196;0.0;16.0;56.0;980.0;3.6;240
2020-10-24 15:00:00;33882;9.195;48.78;3.715;1.174;0.0;15.8;60.0;979.5;3.4;240
2020-10-24 16:00:00;33882;9.195;48.78;6.832;2.438;0.0;14.7;62.0;979.0;2.9;240
2020-10-24 17:00:00;33882;9.195;48.78;10.76;3.69;0.0;13.5;69.0;979.0;1.9;240
2020-10-24 18:00:00;33882;9.195;48.78;11.0;4.52;0.0;12.7;72.0;979.5;1.6;230
2020-10-24 19:00:00;33882;9.195;48.78;14.43;6.14;0.0;11.5;78.0;979.0;2.3;190
2020-10-24 20:00:00;33882;9.195;48.78;16.36;6.38;0.0;11.0;81.0;979.0;2.3;160
2020-10-24 21:00:00;33882;9.195;48.78;18.22;7.2;0.0;10.1;85.0;978.5;2.9;170
2020-10-24 22:00:00;33882;9.195;48.78;15.35;7.793;0.0;9.1;91.0;978.0;3.3;160
2020-10-24 23:00:00;33882;9.195;48.78;17.62;7.42;0.0;8.8;91.0;977.5;3.8;170
2020-10-25 00:00:00;33882;9.195;48.78;14.12;7.04;0.0;8.0;96.0;977.0;2.4;150
2020-10-25 01:00:00;33882;9.195;48.78;13.85;7.266;0.0;6.9;98.0;976.0;1.9;130
2020-10-25 02:00:00;33882;9.195;48.78;13.62;7.113;0.0;7.4;94.0;975.5;3.2;160
2020-10-25 03:00:00;33882;9.195;48.78;13.625;7.3;0.0;7.0;96.0;975.0;1.7;160
2020-10-25 04:00:00;33882;9.195;48.78;14.36;6.832;0.0;6.6;97.0;974.5;2.8;160
2020-10-25 05:00:00;33882;9.195;48.78;13.14;7.16;0.0;6.5;95.0;974.0;2.4;160
2020-10-25 06:00:00;33882;9.195;48.78;12.6;6.453;0.0;6.4;95.0;973.5;3.4;160
2020-10-25 07:00:00;33882;9.195;48.78;10.83;4.555;0.0;7.3;92.0;973.5;4.2;160
2020-10-25 08:00:00;33882;9.195;48.78;5.68;2.336;0.0;8.4;86.0;973.5;3.4;160
2020-10-25 09:00:00;33882;9.195;48.78;5.26;1.773;0.0;10.6;79.0;972.5;3.5;150
2020-10-25 10:00:00;33882;9.195;48.78;4.055;1.336;0.0;13.4;70.0;972.0;3.2;140
2020-10-25 11:00:00;33882;9.195;48.78;1.717;0.697;0.0;16.0;59.0;971.5;3.5;160
2020-10-25 12:00:00;33882;9.195;48.78;1.7;0.798;0.0;18.1;45.0;971.0;3.6;190
2020-10-25 13:00:00;33882;9.195;48.78;3.074;0.9224;0.0;18.5;45.0;970.0;4.0;220
2020-10-25 14:00:00;33882;9.195;48.78;3.207;0.993;0.0;18.5;43.0;969.5;4.2;230
2020-10-25 15:00:00;33882;9.195;48.78;4.05;1.535;0.0;17.5;46.0;969.0;2.7;220
2020-10-25 16:00:00;33882;9.195;48.78;5.098;2.072;0.0;17.0;46.0;969.0;2.3;200
2020-10-25 17:00:00;33882;9.195;48.78;10.53;4.332;0.0;16.2;48.0;969.0;2.4;210
2020-10-25 18:00:00;33882;9.195;48.78;9.24;3.844;0.0;15.6;52.0;969.5;2.5;240
2020-10-25 19:00:00;33882;9.195;48.78;9.445;4.355;0.0;13.7;66.0;969.5;3.1;170
2020-10-25 20:00:00;33882;9.195;48.78;12.07;4.86;0.0;13.3;71.0;969.0;3.5;160
2020-10-25 21:00:00;33882;9.195;48.78;14.484;5.957;0.0;13.4;70.0;968.5;2.2;170
2020-10-25 22:00:00;33882;9.195;48.78;7.71;3.06;0.0;12.5;75.0;968.0;1.2;300
2020-10-25 23:00:00;33882;9.195;48.78;5.652;2.129;0.0;11.4;82.0;967.5;3.7;300
2020-10-26 00:00:00;33882;9.195;48.78;4.055;2.062;0.0;11.1;84.0;967.5;3.0;300
2020-10-26 01:00:00;33882;9.195;48.78;3.406;1.743;0.0;11.0;83.0;967.5;3.2;290
2020-10-26 02:00:00;33882;9.195;48.78;3.2;1.648;0.0;10.7;85.0;967.0;2.5;290
2020-10-26 03:00:00;33882;9.195;48.78;3.305;1.647;0.0;10.6;86.0;967.5;1.7;270
2020-10-26 04:00:00;33882;9.195;48.78;6.91;2.438;0.0;10.3;89.0;967.0;1.7;300
2020-10-26 05:00:00;33882;9.195;48.78;5.32;2.783;0.0;9.9;94.0;966.5;1.7;310
2020-10-26 06:00:00;33882;9.195;48.78;5.19;2.803;0.5;9.9;96.0;967.0;1.4;310
2020-10-26 07:00:00;33882;9.195;48.78;4.094;1.399;2.0;9.6;92.0;968.0;2.7;280
2020-10-26 08:00:00;33882;9.195;48.78;4.78;1.651;1.3;9.0;90.0;968.5;2.9;270
2020-10-26 09:00:00;33882;9.195;48.78;5.96;1.888;0.6;9.1;88.0;969.0;2.5;250
2020-10-26 10:00:00;33882;9.195;48.78;5.96;2.076;0.8;9.2;87.0;969.0;2.0;230
2020-10-26 11:00:00;33882;9.195;48.78;4.887;2.01;0.4;9.2;86.0;969.0;1.8;230
2020-10-26 12:00:00;33882;9.195;48.78;4.82;1.726;0.2;9.2;86.0;969.5;2.1;210
2020-10-26 13:00:00;33882;9.195;48.78;4.26;1.589;0.2;9.1;84.0;969.5;2.5;210
2020-10-26 14:00:00;33882;9.195;48.78;3.678;1.468;0.0;9.2;82.0;970.0;2.2;220
2020-10-26 15:00:00;33882;9.195;48.78;4.77;1.838;0.0;9.1;81.0;970.0;2.6;210
2020-10-26 16:00:00;33882;9.195;48.78;3.816;2.053;0.0;9.1;80.0;970.5;3.2;190
2020-10-26 17:00:00;33882;9.195;48.78;4.305;2.133;0.0;8.7;84.0;970.5;3.1;180
2020-10-26 18:00:00;33882;9.195;48.78;4.52;2.229;0.0;8.3;83.0;971.5;3.3;180
2020-10-26 19:00:00;33882;9.195;48.78;5.055;2.943;0.0;8.0;82.0;971.5;3.3;190
2020-10-26 20:00:00;33882;9.195;48.78;7.11;4.49;0.0;7.9;80.0;972.0;4.5;190
2020-10-26 21:00:00;33882;9.195;48.78;7.438;4.31;0.0;7.5;81.0;972.0;3.7;200
2020-10-26 22:00:00;33882;9.195;48.78;7.805;4.79;0.0;7.2;82.0;972.0;3.1;190
2020-10-26 23:00:00;33882;9.195;48.78;8.18;4.645;0.0;6.8;84.0;972.0;3.1;180
2020-10-27 00:00:00;33882;9.195;48.78;8.836;5.258;0.0;6.7;84.0;972.0;3.4;170
2020-10-27 01:00:00;33882;9.195;48.78;7.973;4.773;0.0;7.0;82.0;972.0;4.2;170
2020-10-27 02:00:00;33882;9.195;48.78;8.36;4.676;0.0;6.7;83.0;972.0;3.9;170
2020-10-27 03:00:00;33882;9.195;48.78;9.055;4.69;0.0;6.3;85.0;972.0;2.4;170
2020-10-27 04:00:00;33882;9.195;48.78;10.336;5.29;0.0;6.6;84.0;972.0;2.5;160
2020-10-27 05:00:00;33882;9.195;48.78;12.82;5.72;0.0;6.6;83.0;972.5;2.6;170
2020-10-27 06:00:00;33882;9.195;48.78;13.266;5.07;0.0;6.7;83.0;973.5;3.6;170
2020-10-27 07:00:00;33882;9.195;48.78;11.8;4.332;0.0;6.6;83.0;973.5;2.1;190
2020-10-27 08:00:00;33882;9.195;48.78;7.49;2.81;0.0;8.3;77.0;974.0;2.7;170
2020-10-27 09:00:00;33882;9.195;48.78;5.363;1.79;0.0;9.6;72.0;974.0;3.6;160
2020-10-27 10:00:00;33882;9.195;48.78;5.47;1.228;0.0;10.5;65.0;974.5;3.4;200
2020-10-27 11:00:00;33882;9.195;48.78;6.17;1.253;0.0;12.0;60.0;974.5;3.4;220
2020-10-27 12:00:00;33882;9.195;48.78;3.766;1.108;0.0;11.3;58.0;974.5;3.6;240
2020-10-27 13:00:00;33882;9.195;48.78;5.98;1.397;0.0;11.8;56.0;974.5;3.4;240
2020-10-27 14:00:00;33882;9.195;48.78;5.516;1.322;0.0;11.5;60.0;974.5;3.0;210
2020-10-27 15:00:00;33882;9.195;48.78;6.023;1.363;0.0;11.3;58.0;974.5;3.3;200
2020-10-27 16:00:00;33882;9.195;48.78;9.08;3.219;0.0;10.6;61.0;974.5;3.4;200
2020-10-27 17:00:00;33882;9.195;48.78;21.02;9.03;0.0;9.8;67.0;974.5;2.2;190
2020-10-27 18:00:00;33882;9.195;48.78;30.03;11.0;0.0;9.2;69.0;974.5;2.7;180
2020-10-27 19:00:00;33882;9.195;48.78;12.336;4.215;0.0;8.6;70.0;974.5;3.0;170
2020-10-27 20:00:00;33882;9.195;48.78;10.84;3.688;0.0;7.5;75.0;974.5;2.6;160
2020-10-27 21:00:00;33882;9.195;48.78;7.88;4.016;0.0;7.2;78.0;974.5;3.2;150
2020-10-27 22:00:00;33882;9.195;48.78;7.78;2.928;0.0;7.4;77.0;974.0;3.3;150
2020-10-27 23:00:00;33882;9.195;48.78;6.78;2.717;0.0;8.5;70.0;974.0;1.5;160
2020-10-28 00:00:00;33882;9.195;48.78;3.97;1.614;0.0;8.8;70.0;974.0;2.6;170
2020-10-28 01:00:00;33882;9.195;48.78;4.902;1.793;0.0;10.0;65.0;974.0;2.9;180
2020-10-28 02:00:00;33882;9.195;48.78;4.504;1.693;0.0;9.8;66.0;973.5;2.6;160
2020-10-28 03:00:00;33882;9.195;48.78;3.072;1.394;0.0;10.1;68.0;973.5;2.5;170
2020-10-28 04:00:00;33882;9.195;48.78;6.11;2.064;0.0;10.0;70.0;973.5;1.9;150
2020-10-28 05:00:00;33882;9.195;48.78;4.855;2.004;0.1;9.8;77.0;973.5;2.3;170
2020-10-28 06:00:00;33882;9.195;48.78;9.84;2.922;0.4;9.5;86.0;974.0;2.7;170
2020-10-28 07:00:00;33882;9.195;48.78;5.9;1.815;0.0;10.0;86.0;974.5;2.6;170
2020-10-28 08:00:00;33882;9.195;48.78;4.598;1.367;0.0;11.0;83.0;975.5;3.1;190
2020-10-28 09:00:00;33882;9.195;48.78;3.69;1.05;0.0;12.3;80.0;976.0;3.0;210
2020-10-28 10:00:00;33882;9.195;48.78;2.734;0.925;0.0;13.5;76.0;976.5;3.4;220
2020-10-28 11:00:00;33882;9.195;48.78;3.602;1.06;0.0;14.1;72.0;977.0;3.3;220
2020-10-28 12:00:00;33882;9.195;48.78;3.39;1.022;0.0;13.1;77.0;977.0;3.5;210
2020-10-28 13:00:00;33882;9.195;48.78;5.684;1.283;0.1;13.6;71.0;977.0;3.4;230
2020-10-28 14:00:00;33882;9.195;48.78;3.453;1.192;0.0;13.3;70.0;977.0;3.6;240
2020-10-28 15:00:00;33882;9.195;48.78;10.664;1.949;0.0;13.9;58.0;977.5;3.0;230
2020-10-28 16:00:00;33882;9.195;48.78;8.64;2.248;0.0;13.0;55.0;978.0;4.7;240
2020-10-28 17:00:00;33882;9.195;48.78;10.05;2.71;0.0;12.0;64.0;978.0;2.6;220
2020-10-28 18:00:00;33882;9.195;48.78;9.83;3.164;0.0;12.2;67.0;978.0;3.4;190
2020-10-28 19:00:00;33882;9.195;48.78;10.2;3.268;0.0;11.4;72.0;978.0;3.2;190
2020-10-28 20:00:00;33882;9.195;48.78;9.74;3.363;0.0;11.6;71.0;978.0;3.2;190
2020-10-28 21:00:00;33882;9.195;48.78;7.582;2.506;0.0;11.8;71.0;977.5;3.3;180
2020-10-28 22:00:00;33882;9.195;48.78;7.23;2.29;0.1;11.3;75.0;977.5;3.0;190
2020-10-28 23:00:00;33882;9.195;48.78;7.418;1.794;0.0;11.4;76.0;978.0;3.0;180
2020-10-29 00:00:00;33882;9.195;48.78;6.62;1.745;0.0;12.1;71.0;978.0;3.3;190
2020-10-29 01:00:00;33882;9.195;48.78;6.73;1.696;0.0;11.9;71.0;977.5;3.2;180
2020-10-29 02:00:00;33882;9.195;48.78;7.625;1.664;0.0;11.8;78.0;977.5;2.9;200
2020-10-29 03:00:00;33882;9.195;48.78;4.906;1.41;0.0;11.6;77.0;977.5;2.9;210
2020-10-29 04:00:00;33882;9.195;48.78;5.434;1.526;0.0;11.4;76.0;977.5;2.5;220
2020-10-29 05:00:00;33882;9.195;48.78;6.14;1.788;0.6;10.5;82.0;978.5;3.3;240
2020-10-29 06:00:00;33882;9.195;48.78;5.01;1.278;0.2;10.6;82.0;979.0;2.9;220
2020-10-29 07:00:00;33882;9.195;48.78;4.98;1.596;0.9;8.9;84.0;980.0;6.3;280
2020-10-29 08:00:00;33882;9.195;48.78;6.375;1.419;0.1;9.5;82.0;981.0;4.4;260
2020-10-29 09:00:00;33882;9.195;48.78;6.387;1.405;0.0;10.6;77.0;982.0;3.0;260
2020-10-29 10:00:00;33882;9.195;48.78;7.508;1.617;0.0;11.1;72.0;983.0;3.0;260
2020-10-29 11:00:00;33882;9.195;48.78;8.91;2.047;0.0;11.4;70.0;983.0;3.3;270
2020-10-29 12:00:00;33882;9.195;48.78;10.62;1.69;0.0;11.6;70.0;983.0;4.3;270
2020-10-29 13:00:00;33882;9.195;48.78;6.44;1.668;0.0;12.5;65.0;983.0;4.6;270
2020-10-29 14:00:00;33882;9.195;48.78;8.375;1.602;0.0;12.6;66.0;983.0;5.0;270
2020-10-29 15:00:00;33882;9.195;48.78;8.27;1.779;0.0;12.4;66.0;983.5;4.9;270
2020-10-29 16:00:00;33882;9.195;48.78;10.984;2.639;0.0;12.0;69.0;984.0;4.5;270
2020-10-29 17:00:00;33882;9.195;48.78;14.26;4.12;0.0;11.4;73.0;984.5;2.9;250
2020-10-29 18:00:00;33882;9.195;48.78;10.766;3.559;0.0;11.1;76.0;985.0;1.9;220
2020-10-29 19:00:00;33882;9.195;48.78;11.77;3.758;0.3;10.3;85.0;985.0;2.3;210
2020-10-29 20:00:00;33882;9.195;48.78;11.086;4.26;1.1;9.8;91.0;985.0;2.2;200
2020-10-29 21:00:00;33882;9.195;48.78;10.805;4.242;0.8;9.9;92.0;985.0;2.8;190
2020-10-29 22:00:00;33882;9.195;48.78;6.863;2.9;0.9;9.9;92.0;985.0;2.5;190
2020-10-29 23:00:00;33882;9.195;48.78;4.8;2.305;0.6;10.0;93.0;985.0;2.2;200
2020-10-30 00:00:00;33882;9.195;48.78;4.996;1.967;0.5;10.4;92.0;984.5;2.6;190
2020-10-30 01:00:00;33882;9.195;48.78;3.816;1.635;0.0;10.7;92.0;984.5;3.0;190
2020-10-30 02:00:00;33882;9.195;48.78;3.05;1.371;0.0;10.8;92.0;984.5;3.0;180
2020-10-30 03:00:00;33882;9.195;48.78;2.0;1.011;0.0;11.5;88.0;984.0;2.5;190
2020-10-30 04:00:00;33882;9.195;48.78;3.08;1.1875;0.0;11.7;87.0;984.5;2.8;210
2020-10-30 05:00:00;33882;9.195;48.78;3.44;1.337;0.0;11.8;87.0;985.0;2.3;210
2020-10-30 06:00:00;33882;9.195;48.78;4.734;1.512;0.0;11.6;89.0;985.0;2.5;180
2020-10-30 07:00:00;33882;9.195;48.78;4.992;1.312;0.0;12.0;86.0;985.5;2.0;200
2020-10-30 08:00:00;33882;9.195;48.78;8.73;1.933;0.0;12.3;85.0;986.0;1.9;210
2020-10-30 09:00:00;33882;9.195;48.78;6.64;1.573;0.0;12.9;81.0;986.5;2.2;210
2020-10-30 10:00:00;33882;9.195;48.78;4.84;1.296;0.0;13.7;78.0;986.5;2.6;230
2020-10-30 11:00:00;33882;9.195;48.78;5.28;1.326;0.0;14.0;75.0;987.0;2.5;250
2020-10-30 12:00:00;33882;9.195;48.78;4.426;1.641;0.0;14.3;68.0;986.5;3.8;280
2020-10-30 13:00:00;33882;9.195;48.78;8.766;3.045;0.0;14.4;65.0;986.5;4.4;270
2020-10-30 14:00:00;33882;9.195;48.78;10.17;3.78;0.0;14.1;66.0;987.0;4.1;280
2020-10-30 15:00:00;33882;9.195;48.78;11.086;3.404;0.0;14.4;61.0;987.0;5.3;270
2020-10-30 16:00:00;33882;9.195;48.78;12.625;4.17;0.0;13.9;64.0;987.5;3.6;280
2020-10-30 17:00:00;33882;9.195;48.78;11.22;4.21;0.0;13.5;66.0;988.0;2.4;270
2020-10-30 18:00:00;33882;9.195;48.78;15.83;6.625;0.0;13.3;67.0;988.5;3.3;280
2020-10-30 19:00:00;33882;9.195;48.78;12.95;5.18;0.0;12.6;71.0;988.5;1.9;250
2020-10-30 20:00:00;33882;9.195;48.78;11.36;4.316;0.0;13.0;67.0;989.0;2.2;260
2020-10-30 21:00:00;33882;9.195;48.78;10.81;3.717;0.0;12.8;68.0;989.0;3.0;270
2020-10-30 22:00:00;33882;9.195;48.78;10.29;4.117;0.0;12.7;69.0;988.5;1.4;240
2020-10-30 23:00:00;33882;9.195;48.78;8.74;3.248;0.0;12.6;69.0;989.0;1.6;250
2020-10-31 00:00:00;33882;9.195;48.78;6.96;2.613;0.0;12.6;66.0;989.0;3.1;270
2020-10-31 01:00:00;33882;9.195;48.78;7.766;3.092;0.0;12.4;68.0;988.5;2.1;260
2020-10-31 02:00:00;33882;9.195;48.78;8.02;3.191;0.0;12.0;70.0;988.5;1.1;280
2020-10-31 03:00:00;33882;9.195;48.78;6.918;3.385;0.0;11.8;70.0;988.0;1.2;270
2020-10-31 04:00:00;33882;9.195;48.78;8.61;3.8;0.0;11.4;78.0;988.0;0.9;180
2020-10-31 05:00:00;33882;9.195;48.78;11.45;4.64;0.0;10.7;84.0;987.5;1.4;160
2020-10-31 06:00:00;33882;9.195;48.78;13.016;5.97;0.0;9.6;89.0;987.5;1.8;160
2020-10-31 07:00:00;33882;9.195;48.78;11.336;5.223;0.0;9.2;91.0;987.5;2.6;160
2020-10-31 08:00:00;33882;9.195;48.78;8.79;3.352;0.0;10.5;85.0;987.5;3.0;150
2020-10-31 09:00:00;33882;9.195;48.78;7.58;3.28;0.0;11.8;75.0;987.0;2.7;150
2020-10-31 10:00:00;33882;9.195;48.78;7.3;2.701;0.0;13.4;69.0;986.5;3.9;140
2020-10-31 11:00:00;33882;9.195;48.78;6.633;2.645;0.0;15.2;65.0;985.0;3.5;140
2020-10-31 12:00:00;33882;9.195;48.78;6.816;2.78;0.0;16.6;60.0;984.0;4.1;150
2020-10-31 13:00:00;33882;9.195;48.78;7.023;2.727;0.0;17.2;58.0;983.0;2.7;130
2020-10-31 14:00:00;33882;9.195;48.78;12.75;4.52;0.0;17.3;58.0;983.0;2.4;140
2020-10-31 15:00:00;33882;9.195;48.78;20.34;7.465;0.0;17.6;55.0;982.5;1.2;130
2020-10-31 16:00:00;33882;9.195;48.78;21.22;8.44;0.0;15.5;65.0;982.5;1.9;320
2020-10-31 17:00:00;33882;9.195;48.78;21.27;9.305;0.0;14.9;68.0;982.5;1.8;300
2020-10-31 18:00:00;33882;9.195;48.78;29.9;13.234;0.0;13.6;76.0;982.5;2.0;160
2020-10-31 19:00:00;33882;9.195;48.78;26.55;12.66;0.0;12.6;81.0;982.5;1.8;180
2020-10-31 20:00:00;33882;9.195;48.78;25.61;11.58;0.0;11.6;81.0;982.5;1.8;160
2020-10-31 21:00:00;33882;9.195;48.78;29.86;13.22;0.0;10.8;86.0;982.0;1.1;180
2020-10-31 22:00:00;33882;9.195;48.78;24.75;11.48;0.0;11.1;79.0;982.0;2.2;170
2020-10-31 23:00:00;33882;9.195;48.78;22.17;10.67;0.0;11.1;75.0;982.0;3.8;170
2020-11-01 00:00:00;33882;9.195;48.78;19.5;9.27;0.0;10.8;76.0;982.5;4.4;170
2020-11-01 01:00:00;33882;9.195;48.78;15.8;7.67;0.0;11.1;72.0;982.0;4.4;170
2020-11-01 02:00:00;33882;9.195;48.78;12.3;5.86;0.0;10.8;73.0;982.0;4.1;160
2020-11-01 03:00:00;33882;9.195;48.78;12.46;6.52;0.0;12.5;63.0;982.0;3.3;170
2020-11-01 04:00:00;33882;9.195;48.78;13.5;6.38;0.0;11.4;69.0;981.5;3.6;170
2020-11-01 05:00:00;33882;9.195;48.78;13.984;6.973;0.0;13.0;65.0;981.5;2.6;200
2020-11-01 06:00:00;33882;9.195;48.78;14.445;6.99;0.0;12.1;68.0;981.0;0.7;360
2020-11-01 07:00:00;33882;9.195;48.78;14.555;7.383;0.0;11.7;72.0;981.5;1.2;60
2020-11-01 08:00:00;33882;9.195;48.78;17.48;8.234;1.2;10.5;90.0;982.0;1.4;140
2020-11-01 09:00:00;33882;9.195;48.78;14.125;7.355;1.0;10.1;96.0;982.0;4.3;160
2020-11-01 10:00:00;33882;9.195;48.78;10.875;5.55;0.6;10.8;97.0;982.0;4.9;160
2020-11-01 11:00:00;33882;9.195;48.78;8.07;4.15;0.4;12.3;96.0;981.5;4.0;160
2020-11-01 12:00:00;33882;9.195;48.78;4.71;2.531;0.0;13.8;91.0;981.0;3.8;170
2020-11-01 13:00:00;33882;9.195;48.78;4.816;2.172;0.0;13.7;92.0;980.5;3.3;160
2020-11-01 14:00:00;33882;9.195;48.78;3.643;1.598;0.0;14.2;91.0;980.5;2.9;170
2020-11-01 15:00:00;33882;9.195;48.78;3.164;1.398;0.1;14.6;92.0;980.0;2.3;170
2020-11-01 16:00:00;33882;9.195;48.78;4.36;1.705;0.0;15.9;81.0;979.5;3.1;180
2020-11-01 17:00:00;33882;9.195;48.78;6.14;3.021;0.4;15.1;87.0;980.0;3.0;200
2020-11-01 18:00:00;33882;9.195;48.78;10.445;4.605;0.3;14.9;87.0;980.0;2.6;190
2020-11-01 19:00:00;33882;9.195;48.78;5.934;2.426;0.1;15.0;86.0;979.5;2.5;200
2020-11-01 20:00:00;33882;9.195;48.78;4.777;1.6875;0.0;15.6;82.0;979.5;2.6;210
2020-11-01 21:00:00;33882;9.195;48.78;4.574;2.102;0.2;16.2;79.0;979.5;2.9;250
2020-11-01 22:00:00;33882;9.195;48.78;4.4;1.56;0.0;16.5;75.0;979.5;2.3;220
2020-11-01 23:00:00;33882;9.195;48.78;4.066;1.516;0.0;16.8;74.0;980.0;2.6;210
2020-11-02 00:00:00;33882;9.195;48.78;5.14;1.554;0.0;16.8;75.0;979.5;3.1;200
2020-11-02 01:00:00;33882;9.195;48.78;4.45;1.493;0.0;16.8;75.0;979.5;2.7;200
2020-11-02 02:00:00;33882;9.195;48.78;3.305;1.276;0.0;16.8;75.0;979.0;2.9;200
2020-11-02 03:00:00;33882;9.195;48.78;2.504;1.095;0.0;17.1;73.0;979.0;3.2;210
2020-11-02 04:00:00;33882;9.195;48.78;2.865;1.25;0.0;17.1;74.0;979.5;3.7;220
2020-11-02 05:00:00;33882;9.195;48.78;4.773;1.566;0.0;16.7;76.0;979.5;3.6;200
2020-11-02 06:00:00;33882;9.195;48.78;6.113;1.583;0.0;17.2;75.0;979.5;3.1;200
2020-11-02 07:00:00;33882;9.195;48.78;3.574;1.124;0.0;17.1;76.0;980.0;4.3;180
2020-11-02 08:00:00;33882;9.195;48.78;3.781;1.114;0.0;17.8;74.0;980.0;5.1;180
2020-11-02 09:00:00;33882;9.195;48.78;4.645;1.139;0.0;18.4;72.0;980.5;5.0;170
2020-11-02 10:00:00;33882;9.195;48.78;6.234;1.212;0.0;20.1;66.0;980.0;4.1;190
2020-11-02 11:00:00;33882;9.195;48.78;4.133;1.151;0.0;20.4;63.0;980.0;4.6;210
2020-11-02 12:00:00;33882;9.195;48.78;6.9;1.381;0.0;21.1;63.0;979.5;4.0;210
2020-11-02 13:00:00;33882;9.195;48.78;7.258;1.17;0.0;21.7;58.0;979.0;4.0;230
2020-11-02 14:00:00;33882;9.195;48.78;6.14;1.235;0.0;21.5;58.0;979.0;4.1;240
2020-11-02 15:00:00;33882;9.195;48.78;6.51;1.327;0.0;21.2;60.0;979.0;3.5;220
2020-11-02 16:00:00;33882;9.195;48.78;3.77;1.087;0.0;20.7;63.0;979.0;3.1;210
2020-11-02 17:00:00;33882;9.195;48.78;3.988;1.307;0.0;20.1;66.0;979.0;3.9;190
2020-11-02 18:00:00;33882;9.195;48.78;4.38;1.531;0.0;19.3;69.0;979.5;3.8;190
2020-11-02 19:00:00;33882;9.195;48.78;7.08;2.22;0.0;19.0;68.0;979.5;3.8;190
2020-11-02 20:00:00;33882;9.195;48.78;7.637;2.717;0.0;18.8;67.0;980.0;4.1;190
2020-11-02 21:00:00;33882;9.195;48.78;5.965;2.592;0.0;18.2;68.0;980.5;3.0;200
2020-11-02 22:00:00;33882;9.195;48.78;7.363;2.408;0.0;18.3;66.0;981.0;2.3;210
2020-11-02 23:00:00;33882;9.195;48.78;5.355;1.864;0.0;18.4;65.0;981.5;2.6;210
2020-11-03 00:00:00;33882;9.195;48.78;4.08;1.481;0.0;17.8;69.0;982.0;2.8;250
2020-11-03 01:00:00;33882;9.195;48.78;3.54;1.12;0.0;16.8;76.0;983.0;3.8;290
2020-11-03 02:00:00;33882;9.195;48.78;6.598;1.319;0.0;12.4;84.0;984.0;7.1;300
2020-11-03 03:00:00;33882;9.195;48.78;7.062;1.433;0.0;12.1;82.0;985.0;5.9;300
2020-11-03 04:00:00;33882;9.195;48.78;9.805;1.89;0.0;11.2;83.0;985.5;4.8;300
2020-11-03 05:00:00;33882;9.195;48.78;9.53;2.178;0.0;10.9;86.0;986.0;2.8;290
2020-11-03 06:00:00;33882;9.195;48.78;13.234;2.404;0.0;11.0;82.0;986.5;1.8;270
2020-11-03 07:00:00;33882;9.195;48.78;14.73;3.316;0.1;10.6;84.0;986.0;1.4;260
2020-11-03 08:00:00;33882;9.195;48.78;11.15;2.205;0.0;11.1;81.0;986.5;1.2;280
2020-11-03 09:00:00;33882;9.195;48.78;7.33;1.508;0.0;11.6;71.0;986.5;1.2;260
2020-11-03 10:00:00;33882;9.195;48.78;9.16;1.765;0.0;12.0;64.0;987.0;2.4;270
2020-11-03 11:00:00;33882;9.195;48.78;11.8;2.22;0.0;11.7;74.0;987.0;2.3;300
2020-11-03 12:00:00;33882;9.195;48.78;16.98;3.67;0.1;10.5;87.0;987.0;3.1;310
2020-11-03 13:00:00;33882;9.195;48.78;7.4;1.986;0.8;10.2;90.0;987.0;2.8;310
2020-11-03 14:00:00;33882;9.195;48.78;9.12;2.406;0.1;9.3;87.0;987.0;2.6;290
2020-11-03 15:00:00;33882;9.195;48.78;11.69;3.514;0.0;9.7;92.0;987.0;0.8;260
2020-11-03 16:00:00;33882;9.195;48.78;11.59;3.062;0.5;9.8;86.0;987.5;1.2;260
2020-11-03 17:00:00;33882;9.195;48.78;14.59;3.713;0.0;9.6;86.0;988.0;1.6;230
2020-11-03 18:00:00;33882;9.195;48.78;13.94;4.047;0.0;9.6;82.0;988.0;1.7;220
2020-11-03 19:00:00;33882;9.195;48.78;13.95;4.805;0.0;9.6;82.0;988.5;2.0;220
2020-11-03 20:00:00;33882;9.195;48.78;11.805;4.59;0.0;9.8;83.0;989.0;2.1;210
2020-11-03 21:00:00;33882;9.195;48.78;12.5;5.53;0.0;9.6;84.0;989.0;1.9;220
2020-11-03 22:00:00;33882;9.195;48.78;9.14;3.104;0.0;9.5;84.0;989.0;1.7;220
2020-11-03 23:00:00;33882;9.195;48.78;9.77;2.262;0.0;8.7;81.0;990.0;3.5;280
2020-11-04 00:00:00;33882;9.195;48.78;10.24;2.69;0.0;8.8;81.0;990.0;3.8;290
2020-11-04 01:00:00;33882;9.195;48.78;12.96;2.88;0.0;8.5;83.0;990.5;3.1;300
2020-11-04 02:00:00;33882;9.195;48.78;10.08;2.506;0.0;8.3;83.0;990.5;1.6;290
2020-11-04 03:00:00;33882;9.195;48.78;11.734;2.506;0.0;8.2;82.0;990.5;1.5;270
2020-11-04 04:00:00;33882;9.195;48.78;12.54;2.482;0.0;7.9;82.0;991.0;2.3;270
2020-11-04 05:00:00;33882;9.195;48.78;13.01;2.596;0.0;7.7;79.0;991.0;2.4;280
2020-11-04 06:00:00;33882;9.195;48.78;15.69;4.125;0.0;7.7;74.0;991.0;2.7;300
2020-11-04 07:00:00;33882;9.195;48.78;15.195;2.979;0.0;7.2;79.0;991.5;2.0;310
2020-11-04 08:00:00;33882;9.195;48.78;13.91;2.91;0.0;7.3;81.0;992.0;1.8;320
2020-11-04 09:00:00;33882;9.195;48.78;13.91;3.006;0.0;7.4;81.0;992.0;2.5;320
2020-11-04 10:00:00;33882;9.195;48.78;13.68;3.508;0.0;7.9;75.0;992.5;2.1;320
2020-11-04 11:00:00;33882;9.195;48.78;16.38;3.654;0.0;8.5;78.0;992.5;2.4;360
2020-11-04 12:00:00;33882;9.195;48.78;14.28;3.871;0.0;8.4;79.0;992.5;2.3;350
2020-11-04 13:00:00;33882;9.195;48.78;15.164;4.23;0.0;8.8;80.0;992.5;2.3;340
2020-11-04 14:00:00;33882;9.195;48.78;20.2;4.57;0.0;8.9;78.0;993.0;2.3;340
2020-11-04 15:00:00;33882;9.195;48.78;14.73;5.164;0.0;9.0;77.0;993.0;2.7;350
2020-11-04 16:00:00;33882;9.195;48.78;16.47;4.73;0.0;8.8;78.0;993.5;2.4;360
2020-11-04 17:00:00;33882;9.195;48.78;18.31;4.98;0.0;8.6;77.0;994.0;2.4;10
2020-11-04 18:00:00;33882;9.195;48.78;16.45;4.992;0.0;8.3;78.0;994.5;2.2;10
2020-11-04 19:00:00;33882;9.195;48.78;15.78;4.99;0.0;8.0;78.0;995.0;2.4;360
2020-11-04 20:00:00;33882;9.195;48.78;13.625;4.5;0.0;7.8;77.0;995.5;2.0;360
2020-11-04 21:00:00;33882;9.195;48.78;12.6;4.05;0.0;7.5;78.0;996.5;2.2;360
2020-11-04 22:00:00;33882;9.195;48.78;12.33;3.87;0.0;7.2;78.0;996.5;2.6;360
2020-11-04 23:00:00;33882;9.195;48.78;10.875;3.338;0.0;7.0;78.0;997.0;1.8;10
2020-11-05 00:00:00;33882;9.195;48.78;11.484;4.21;0.0;6.3;82.0;997.0;1.2;300
2020-11-05 01:00:00;33882;9.195;48.78;14.695;5.094;0.0;5.8;85.0;997.0;1.9;300
2020-11-05 02:00:00;33882;9.195;48.78;15.45;4.297;0.0;5.6;85.0;997.5;2.6;310
2020-11-05 03:00:00;33882;9.195;48.78;13.016;4.93;0.0;4.9;85.0;997.0;2.7;300
2020-11-05 04:00:00;33882;9.195;48.78;14.82;6.13;0.0;3.7;90.0;997.5;2.7;290
2020-11-05 05:00:00;33882;9.195;48.78;15.83;6.95;0.0;3.3;90.0;998.0;2.7;290
2020-11-05 06:00:00;33882;9.195;48.78;21.19;7.996;0.0;2.6;92.0;998.0;2.9;290
2020-11-05 07:00:00;33882;9.195;48.78;22.3;8.09;0.0;2.5;92.0;998.5;2.5;290
2020-11-05 08:00:00;33882;9.195;48.78;12.98;4.285;0.0;3.5;86.0;999.0;2.5;280
2020-11-05 09:00:00;33882;9.195;48.78;12.555;4.387;0.0;5.3;78.0;999.5;1.6;320
2020-11-05 10:00:00;33882;9.195;48.78;14.05;4.844;0.0;6.7;73.0;999.5;1.6;360
2020-11-05 11:00:00;33882;9.195;48.78;18.58;6.34;0.0;7.8;69.0;999.0;1.8;350
2020-11-05 12:00:00;33882;9.195;48.78;15.6;5.504;0.0;9.2;66.0;998.5;2.1;360
2020-11-05 13:00:00;33882;9.195;48.78;16.5;5.395;0.0;10.4;63.0;998.0;1.7;10
2020-11-05 14:00:00;33882;9.195;48.78;13.72;5.77;0.0;10.8;62.0;997.5;2.1;360
2020-11-05 15:00:00;33882;9.195;48.78;22.05;6.87;0.0;10.7;64.0;997.0;1.8;350
2020-11-05 16:00:00;33882;9.195;48.78;20.78;7.87;0.0;8.9;74.0;997.5;2.7;310
2020-11-05 17:00:00;33882;9.195;48.78;19.48;8.21;0.0;8.1;77.0;997.5;3.0;320
2020-11-05 18:00:00;33882;9.195;48.78;23.02;9.195;0.0;7.0;80.0;997.5;2.1;340
2020-11-05 19:00:00;33882;9.195;48.78;23.47;9.31;0.0;6.5;79.0;997.5;1.4;330
2020-11-05 20:00:00;33882;9.195;48.78;21.33;9.75;0.0;5.4;81.0;997.5;1.3;10
2020-11-05 21:00:00;33882;9.195;48.78;28.19;11.305;0.0;5.0;83.0;997.5;1.1;290
2020-11-05 22:00:00;33882;9.195;48.78;27.17;10.91;0.0;4.2;86.0;997.5;1.4;270
2020-11-05 23:00:00;33882;9.195;48.78;22.42;10.375;0.0;4.7;82.0;997.0;1.2;270
2020-11-06 00:00:00;33882;9.195;48.78;21.05;10.28;0.0;3.1;89.0;997.0;0.8;350
2020-11-06 01:00:00;33882;9.195;48.78;22.84;11.03;0.0;2.9;90.0;996.5;0.9;300
2020-11-06 02:00:00;33882;9.195;48.78;26.72;12.055;0.0;2.9;89.0;996.5;0.8;10
2020-11-06 03:00:00;33882;9.195;48.78;25.72;12.37;0.0;1.8;93.0;995.5;0.8;10
2020-11-06 04:00:00;33882;9.195;48.78;24.94;12.195;0.0;1.4;92.0;995.5;0.6;40
2020-11-06 05:00:00;33882;9.195;48.78;31.05;13.625;0.0;1.0;94.0;995.5;1.0;270
2020-11-06 06:00:00;33882;9.195;48.78;30.45;13.695;0.0;0.8;94.0;995.0;0.9;290
2020-11-06 07:00:00;33882;9.195;48.78;28.33;12.79;0.0;0.5;95.0;995.5;1.3;280
2020-11-06 08:00:00;33882;9.195;48.78;21.11;8.53;0.0;1.5;88.0;995.5;0.8;290
2020-11-06 09:00:00;33882;9.195;48.78;19.56;10.26;0.0;3.0;82.0;995.5;1.1;330
2020-11-06 10:00:00;33882;9.195;48.78;23.12;11.875;0.0;5.2;76.0;995.5;1.5;50
2020-11-06 11:00:00;33882;9.195;48.78;22.47;12.16;0.0;7.1;69.0;995.0;1.4;60
2020-11-06 12:00:00;33882;9.195;48.78;17.66;10.66;0.0;10.0;64.0;994.0;1.4;130
2020-11-06 13:00:00;33882;9.195;48.78;15.32;8.96;0.0;10.2;60.0;993.5;5.5;120
2020-11-06 14:00:00;33882;9.195;48.78;20.62;11.16;0.0;9.2;67.0;993.0;5.9;120
2020-11-06 15:00:00;33882;9.195;48.78;20.98;10.93;0.0;8.0;73.0;993.0;4.9;150
2020-11-06 16:00:00;33882;9.195;48.78;23.36;11.24;0.0;6.4;80.0;993.0;4.5;160
2020-11-06 17:00:00;33882;9.195;48.78;21.2;9.92;0.0;6.4;81.0;993.0;3.6;140
2020-11-06 18:00:00;33882;9.195;48.78;23.28;11.32;0.0;6.6;81.0;992.5;4.0;140
2020-11-06 19:00:00;33882;9.195;48.78;27.61;12.86;0.0;6.3;83.0;992.0;3.9;140
2020-11-06 20:00:00;33882;9.195;48.78;28.94;13.74;0.0;4.7;89.0;992.0;2.9;140
2020-11-06 21:00:00;33882;9.195;48.78;25.78;12.35;0.0;4.3;90.0;991.5;2.6;120
2020-11-06 22:00:00;33882;9.195;48.78;23.4;11.41;0.0;3.9;91.0;991.5;2.8;130
2020-11-06 23:00:00;33882;9.195;48.78;25.28;11.82;0.0;3.4;93.0;991.5;3.0;140
2020-11-07 00:00:00;33882;9.195;48.78;21.64;10.93;0.0;2.8;95.0;991.0;2.4;140
2020-11-07 01:00:00;33882;9.195;48.78;23.67;10.81;0.0;2.8;95.0;991.0;3.0;150
2020-11-07 02:00:00;33882;9.195;48.78;23.03;11.39;0.0;3.1;94.0;990.5;3.7;150
2020-11-07 03:00:00;33882;9.195;48.78;25.33;12.04;0.0;2.4;95.0;990.0;3.2;150
2020-11-07 04:00:00;33882;9.195;48.78;20.97;10.266;0.0;2.5;93.0;990.0;3.5;150
2020-11-07 05:00:00;33882;9.195;48.78;22.05;11.08;0.0;1.5;95.0;990.0;3.0;150
2020-11-07 06:00:00;33882;9.195;48.78;20.23;10.0;0.0;2.1;93.0;990.0;3.6;140
2020-11-07 07:00:00;33882;9.195;48.78;18.11;9.15;0.0;1.9;92.0;990.0;3.6;150
2020-11-07 08:00:00;33882;9.195;48.78;10.26;5.39;0.0;2.9;87.0;989.5;3.5;150
2020-11-07 09:00:00;33882;9.195;48.78;8.94;4.71;0.0;5.0;81.0;989.5;4.3;140
2020-11-07 10:00:00;33882;9.195;48.78;9.68;4.55;0.0;7.2;73.0;989.0;4.6;140
2020-11-07 11:00:00;33882;9.195;48.78;7.383;4.348;0.0;9.4;66.0;988.5;4.0;140
2020-11-07 12:00:00;33882;9.195;48.78;9.36;4.652;0.0;11.2;61.0;988.0;2.5;140
2020-11-07 13:00:00;33882;9.195;48.78;8.305;4.645;0.0;12.5;57.0;987.0;2.2;120
2020-11-07 14:00:00;33882;9.195;48.78;15.77;6.21;0.0;13.4;55.0;986.5;2.1;130
2020-11-07 15:00:00;33882;9.195;48.78;17.22;7.75;0.0;12.4;59.0;986.5;2.1;140
2020-11-07 16:00:00;33882;9.195;48.78;19.88;9.32;0.0;11.7;65.0;986.5;2.6;160
2020-11-07 17:00:00;33882;9.195;48.78;30.89;14.81;0.0;10.2;74.0;986.5;2.7;160
2020-11-07 18:00:00;33882;9.195;48.78;50.75;20.6;0.0;9.1;79.0;987.0;2.1;150
2020-11-07 19:00:00;33882;9.195;48.78;33.8;16.47;0.0;8.2;82.0;986.5;2.8;140
2020-11-07 20:00:00;33882;9.195;48.78;36.88;16.9;0.0;7.3;84.0;986.5;3.4;140
2020-11-07 21:00:00;33882;9.195;48.78;37.12;17.19;0.0;6.7;86.0;986.5;3.0;140
2020-11-07 22:00:00;33882;9.195;48.78;36.1;16.08;0.0;6.6;83.0;986.5;3.1;140
2020-11-07 23:00:00;33882;9.195;48.78;37.28;16.44;0.0;6.2;83.0;986.5;4.1;140
2020-11-08 00:00:00;33882;9.195;48.78;29.73;13.555;0.0;5.6;85.0;986.5;4.2;140
2020-11-08 01:00:00;33882;9.195;48.78;27.53;12.29;0.0;5.7;84.0;986.5;4.8;140
2020-11-08 02:00:00;33882;9.195;48.78;24.45;11.42;0.0;5.6;84.0;986.5;5.0;140
2020-11-08 03:00:00;33882;9.195;48.78;22.64;10.79;0.0;5.2;86.0;986.5;3.7;140
2020-11-08 04:00:00;33882;9.195;48.78;21.62;10.49;0.0;4.9;87.0;987.0;3.6;150
2020-11-08 05:00:00;33882;9.195;48.78;22.95;10.414;0.0;4.4;90.0;987.0;1.3;210
2020-11-08 06:00:00;33882;9.195;48.78;21.22;10.17;0.0;4.4;91.0;987.5;1.3;260
2020-11-08 07:00:00;33882;9.195;48.78;19.8;9.66;0.0;4.7;90.0;987.5;2.5;150
2020-11-08 08:00:00;33882;9.195;48.78;17.95;9.76;0.0;6.6;80.0;987.5;4.1;150
2020-11-08 09:00:00;33882;9.195;48.78;20.31;10.35;0.0;7.6;81.0;987.5;3.4;150
2020-11-08 10:00:00;33882;9.195;48.78;18.62;9.52;0.0;9.7;73.0;987.5;2.4;150
2020-11-08 11:00:00;33882;9.195;48.78;17.27;9.18;0.0;12.3;65.0;987.0;2.5;140
2020-11-08 12:00:00;33882;9.195;48.78;15.85;7.562;0.0;14.7;58.0;986.5;1.9;140
2020-11-08 13:00:00;33882;9.195;48.78;19.05;7.004;0.0;16.1;52.0;986.0;1.2;120
2020-11-08 14:00:00;33882;9.195;48.78;17.34;7.63;0.0;16.0;54.0;986.0;1.1;90
2020-11-08 15:00:00;33882;9.195;48.78;24.14;9.71;0.0;15.0;58.0;986.0;1.0;30
2020-11-08 16:00:00;33882;9.195;48.78;23.36;9.51;0.0;14.1;63.0;986.0;0.9;320
2020-11-08 17:00:00;33882;9.195;48.78;29.62;13.04;0.0;12.4;70.0;986.0;1.2;290
2020-11-08 18:00:00;33882;9.195;48.78;34.47;14.69;0.0;11.5;77.0;986.0;2.2;290
2020-11-08 19:00:00;33882;9.195;48.78;32.44;15.21;0.0;10.9;79.0;986.0;3.1;280
2020-11-08 20:00:00;33882;9.195;48.78;34.25;15.82;0.0;10.2;81.0;986.5;2.3;290
2020-11-08 21:00:00;33882;9.195;48.78;30.44;14.83;0.0;10.1;82.0;986.0;0.7;320
2020-11-08 22:00:00;33882;9.195;48.78;29.22;13.84;0.0;9.5;85.0;986.5;0.7;100
2020-11-08 23:00:00;33882;9.195;48.78;30.22;14.11;0.0;8.5;88.0;986.5;0.6;240
2020-11-09 00:00:00;33882;9.195;48.78;34.22;14.54;0.0;8.8;90.0;986.5;0.6;220
2020-11-09 01:00:00;33882;9.195;48.78;29.98;13.984;0.0;8.7;90.0;986.5;0.8;200
2020-11-09 02:00:00;33882;9.195;48.78;32.34;14.33;0.0;8.0;93.0;986.0;1.3;150
2020-11-09 03:00:00;33882;9.195;48.78;32.22;15.33;0.0;7.1;96.0;986.0;1.1;150
2020-11-09 04:00:00;33882;9.195;48.78;35.62;16.47;0.0;6.9;96.0;986.0;0.6;150
2020-11-09 05:00:00;33882;9.195;48.78;37.75;16.9;0.0;6.9;96.0;986.0;1.3;160
2020-11-09 06:00:00;33882;9.195;48.78;41.44;17.89;0.0;6.7;95.0;986.0;2.3;160
2020-11-09 07:00:00;33882;9.195;48.78;40.3;16.06;0.0;6.8;95.0;986.5;2.9;160
2020-11-09 08:00:00;33882;9.195;48.78;29.25;10.51;0.0;7.2;93.0;986.5;2.1;150
2020-11-09 09:00:00;33882;9.195;48.78;24.95;9.96;0.0;8.8;87.0;986.5;2.0;130
2020-11-09 10:00:00;33882;9.195;48.78;26.14;10.31;0.0;11.3;75.0;986.5;2.1;130
2020-11-09 11:00:00;33882;9.195;48.78;29.06;10.23;0.0;12.4;69.0;986.5;1.1;110
2020-11-09 12:00:00;33882;9.195;48.78;25.45;10.26;0.0;14.1;64.0;986.0;0.8;10
2020-11-09 13:00:00;33882;9.195;48.78;35.97;11.516;0.0;14.4;67.0;986.0;1.4;40
2020-11-09 14:00:00;33882;9.195;48.78;41.56;12.55;0.0;14.4;68.0;986.0;1.5;70
2020-11-09 15:00:00;33882;9.195;48.78;34.16;11.805;0.0;14.0;70.0;986.0;1.5;40
2020-11-09 16:00:00;33882;9.195;48.78;31.75;12.7;0.0;12.8;75.0;986.0;1.2;360
2020-11-09 17:00:00;33882;9.195;48.78;36.0;15.19;0.0;12.2;79.0;986.5;1.2;330
2020-11-09 18:00:00;33882;9.195;48.78;39.78;17.19;0.0;11.0;84.0;987.0;1.3;280
2020-11-09 19:00:00;33882;9.195;48.78;46.06;18.81;0.0;9.9;88.0;987.0;0.6;290
2020-11-09 20:00:00;33882;9.195;48.78;44.25;20.28;0.0;9.0;92.0;987.0;1.7;240
2020-11-09 21:00:00;33882;9.195;48.78;47.66;20.66;0.0;8.6;94.0;987.0;1.2;150
2020-11-09 22:00:00;33882;9.195;48.78;48.44;20.31;0.0;7.3;96.0;987.5;1.2;110
2020-11-09 23:00:00;33882;9.195;48.78;39.47;18.88;0.0;6.2;97.0;987.5;1.5;120
2020-11-10 00:00:00;33882;9.195;48.78;38.1;17.27;0.0;5.6;97.0;987.5;1.9;110
2020-11-10 01:00:00;33882;9.195;48.78;32.72;15.195;0.0;5.0;98.0;987.5;1.5;100
2020-11-10 02:00:00;33882;9.195;48.78;26.97;13.36;0.0;3.7;98.0;987.5;2.3;90
2020-11-10 03:00:00;33882;9.195;48.78;28.94;13.44;0.0;3.4;97.0;987.5;1.6;90
2020-11-10 04:00:00;33882;9.195;48.78;22.38;11.26;0.0;3.5;98.0;988.0;1.0;60
2020-11-10 05:00:00;33882;9.195;48.78;20.84;9.4;0.0;3.2;98.0;988.0;0.7;40
2020-11-10 06:00:00;33882;9.195;48.78;22.6;8.85;0.0;3.1;99.0;988.0;1.1;60
2020-11-10 07:00:00;33882;9.195;48.78;17.94;8.75;0.0;3.2;99.0;988.5;0.9;60
2020-11-10 08:00:00;33882;9.195;48.78;19.22;8.73;0.0;3.8;98.0;989.0;0.9;60
2020-11-10 09:00:00;33882;9.195;48.78;18.45;8.62;0.0;4.1;98.0;989.0;1.3;80
2020-11-10 10:00:00;33882;9.195;48.78;17.28;7.84;0.0;4.6;99.0;989.5;1.2;50
2020-11-10 11:00:00;33882;9.195;48.78;18.33;9.07;0.0;5.0;97.0;989.5;1.0;30
2020-11-10 12:00:00;33882;9.195;48.78;16.6;8.734;0.0;5.7;96.0;989.0;1.1;10
2020-11-10 13:00:00;33882;9.195;48.78;19.02;9.125;0.0;7.3;87.0;988.5;1.0;30
2020-11-10 14:00:00;33882;9.195;48.78;23.5;11.43;0.0;8.8;83.0;988.5;1.1;20
2020-11-10 15:00:00;33882;9.195;48.78;34.06;17.42;0.0;7.4;90.0;989.0;2.6;330
2020-11-10 16:00:00;33882;9.195;48.78;45.78;22.36;0.0;6.9;95.0;989.0;2.9;310
2020-11-10 17:00:00;33882;9.195;48.78;58.25;25.88;0.0;6.5;97.0;989.5;1.9;300
2020-11-10 18:00:00;33882;9.195;48.78;56.53;24.95;0.0;6.5;98.0;989.5;1.1;300
2020-11-10 19:00:00;33882;9.195;48.78;55.1;23.88;0.0;6.2;98.0;989.5;0.7;20
2020-11-10 20:00:00;33882;9.195;48.78;50.03;22.48;0.0;6.3;99.0;990.0;1.1;350
2020-11-10 21:00:00;33882;9.195;48.78;43.53;20.0;0.0;6.1;100.0;990.0;1.6;320
2020-11-10 22:00:00;33882;9.195;48.78;51.44;21.97;0.0;6.0;100.0;990.0;0.9;290
2020-11-10 23:00:00;33882;9.195;48.78;41.53;19.1;0.0;6.1;98.0;990.0;0.6;60
2020-11-11 00:00:00;33882;9.195;48.78;28.94;14.69;0.0;6.4;99.0;990.0;1.4;120
2020-11-11 01:00:00;33882;9.195;48.78;28.0;14.445;0.0;6.6;99.0;990.0;0.6;130
2020-11-11 02:00:00;33882;9.195;48.78;27.16;14.45;0.0;6.6;99.0;989.5;0.6;60
2020-11-11 03:00:00;33882;9.195;48.78;31.47;16.0;0.0;6.6;99.0;989.5;0.6;10
2020-11-11 04:00:00;33882;9.195;48.78;55.22;22.88;0.0;6.6;99.0;989.5;0.6;360
2020-11-11 05:00:00;33882;9.195;48.78;44.4;19.48;0.0;6.5;98.0;989.0;0.9;10
2020-11-11 06:00:00;33882;9.195;48.78;46.4;19.28;0.0;6.4;100.0;989.5;1.4;350
2020-11-11 07:00:00;33882;9.195;48.78;47.28;18.23;0.0;6.4;99.0;989.5;0.6;50
2020-11-11 08:00:00;33882;9.195;48.78;47.53;18.39;0.0;6.7;100.0;989.0;0.7;100
2020-11-11 09:00:00;33882;9.195;48.78;41.03;16.31;0.0;7.1;98.0;989.0;0.6;140
2020-11-11 10:00:00;33882;9.195;48.78;42.5;16.31;0.0;7.4;98.0;989.0;0.6;70
2020-11-11 11:00:00;33882;9.195;48.78;45.8;16.33;0.0;7.6;95.0;988.5;1.0;60
2020-11-11 12:00:00;33882;9.195;48.78;34.88;14.336;0.0;8.8;88.0;987.5;1.1;80
2020-11-11 13:00:00;33882;9.195;48.78;31.95;13.766;0.0;9.3;86.0;987.0;0.9;60
2020-11-11 14:00:00;33882;9.195;48.78;32.78;13.98;0.0;9.4;87.0;986.0;0.8;50
2020-11-11 15:00:00;33882;9.195;48.78;40.12;17.3;0.0;9.3;89.0;986.0;1.4;340
2020-11-11 16:00:00;33882;9.195;48.78;44.75;20.75;0.0;8.9;92.0;986.0;1.4;360
2020-11-11 17:00:00;33882;9.195;48.78;45.03;19.95;0.0;8.5;93.0;986.0;1.4;360
2020-11-11 18:00:00;33882;9.195;48.78;45.16;20.33;0.0;8.5;95.0;986.0;1.0;350
2020-11-11 19:00:00;33882;9.195;48.78;44.56;20.25;0.0;8.3;96.0;985.5;0.8;80
2020-11-11 20:00:00;33882;9.195;48.78;47.0;21.17;0.0;8.6;95.0;985.5;0.8;140
2020-11-11 21:00:00;33882;9.195;48.78;37.8;17.94;0.0;8.7;91.0;985.5;2.5;130
2020-11-11 22:00:00;33882;9.195;48.78;38.25;18.2;0.0;7.3;95.0;985.0;3.9;150
2020-11-11 23:00:00;33882;9.195;48.78;28.48;15.1;0.0;7.3;98.0;985.0;3.3;130
2020-11-12 00:00:00;33882;9.195;48.78;29.89;15.32;0.0;7.4;93.0;985.0;3.5;150
2020-11-12 01:00:00;33882;9.195;48.78;32.47;16.34;0.0;6.4;92.0;984.5;3.1;160
2020-11-12 02:00:00;33882;9.195;48.78;35.62;16.75;0.0;5.7;95.0;984.0;2.7;150
2020-11-12 03:00:00;33882;9.195;48.78;34.2;15.92;0.0;5.2;96.0;983.5;2.0;140
2020-11-12 04:00:00;33882;9.195;48.78;27.72;13.85;0.0;4.8;97.0;983.5;2.0;150
2020-11-12 05:00:00;33882;9.195;48.78;26.6;13.44;0.0;5.0;97.0;983.0;2.1;150
2020-11-12 06:00:00;33882;9.195;48.78;33.03;14.52;0.0;5.1;96.0;983.0;2.2;160
2020-11-12 07:00:00;33882;9.195;48.78;33.7;14.375;0.0;6.0;92.0;983.0;2.2;140
2020-11-12 08:00:00;33882;9.195;48.78;33.56;15.055;0.0;6.5;90.0;983.5;2.6;150
2020-11-12 11:00:00;33882;9.195;48.78;11.55;4.344;0.0;12.6;71.0;983.5;2.5;140
2020-11-12 12:00:00;33882;9.195;48.78;14.93;6.094;0.0;14.3;62.0;983.0;1.8;180
2020-11-12 13:00:00;33882;9.195;48.78;20.39;8.21;0.0;11.8;75.0;983.5;4.3;290
2020-11-12 14:00:00;33882;9.195;48.78;8.82;3.15;0.0;12.1;76.0;983.5;2.4;310
2020-11-12 15:00:00;33882;9.195;48.78;6.977;2.94;0.0;12.8;72.0;984.0;1.6;230
2020-11-12 16:00:00;33882;9.195;48.78;8.68;3.805;0.0;12.5;74.0;984.0;1.5;220
2020-11-12 17:00:00;33882;9.195;48.78;10.37;5.2;0.0;12.2;76.0;984.5;1.4;210
2020-11-12 18:00:00;33882;9.195;48.78;18.94;8.984;0.0;11.6;77.0;984.5;1.3;220
2020-11-12 19:00:00;33882;9.195;48.78;17.89;8.625;0.0;11.1;80.0;984.5;1.1;210
2020-11-12 20:00:00;33882;9.195;48.78;20.39;8.93;0.0;10.7;82.0;984.5;1.0;180
2020-11-12 21:00:00;33882;9.195;48.78;21.77;9.67;0.0;9.7;89.0;985.0;1.0;170
2020-11-12 22:00:00;33882;9.195;48.78;21.5;10.14;0.0;8.9;93.0;985.0;0.9;210
2020-11-12 23:00:00;33882;9.195;48.78;22.69;10.27;0.0;7.9;96.0;984.5;0.9;170
2020-11-13 00:00:00;33882;9.195;48.78;22.61;10.01;0.0;8.1;94.0;984.5;3.6;160
2020-11-13 01:00:00;33882;9.195;48.78;21.28;11.46;0.0;8.2;94.0;984.5;3.1;160
2020-11-13 02:00:00;33882;9.195;48.78;22.2;11.99;0.0;8.1;92.0;984.0;3.1;160
2020-11-13 03:00:00;33882;9.195;48.78;22.33;12.164;0.0;7.3;94.0;983.5;3.7;160
2020-11-13 04:00:00;33882;9.195;48.78;22.2;11.73;0.0;6.7;95.0;983.5;2.2;160
2020-11-13 05:00:00;33882;9.195;48.78;25.6;11.37;0.0;6.9;93.0;983.5;2.3;150
2020-11-13 06:00:00;33882;9.195;48.78;22.53;10.69;0.0;7.1;91.0;983.5;3.1;160
2020-11-13 07:00:00;33882;9.195;48.78;25.97;10.336;0.0;7.6;88.0;983.5;2.9;160
2020-11-13 08:00:00;33882;9.195;48.78;21.33;8.84;0.0;8.1;86.0;983.5;3.5;160
2020-11-13 09:00:00;33882;9.195;48.78;20.78;8.38;0.0;9.7;81.0;984.0;2.5;170
2020-11-13 10:00:00;33882;9.195;48.78;13.77;6.195;0.0;10.6;77.0;984.0;3.1;160
2020-11-13 11:00:00;33882;9.195;48.78;8.69;4.457;0.0;12.8;69.0;983.5;2.8;160
2020-11-13 12:00:00;33882;9.195;48.78;8.055;3.21;0.0;14.6;64.0;983.0;3.2;150
2020-11-13 13:00:00;33882;9.195;48.78;7.973;3.332;0.0;16.4;52.0;982.5;3.3;190
2020-11-13 14:00:00;33882;9.195;48.78;10.11;4.24;0.0;16.0;56.0;982.0;3.4;200
2020-11-13 15:00:00;33882;9.195;48.78;10.414;4.37;0.0;15.5;60.0;982.0;2.8;190
2020-11-13 16:00:00;33882;9.195;48.78;14.43;5.324;0.0;15.3;59.0;982.5;2.0;200
2020-11-13 17:00:00;33882;9.195;48.78;12.17;5.15;0.0;15.4;57.0;982.5;2.2;210
2020-11-13 18:00:00;33882;9.195;48.78;14.18;5.863;0.0;15.3;58.0;983.0;2.7;190
2020-11-13 19:00:00;33882;9.195;48.78;13.48;6.3;0.0;14.8;60.0;983.0;2.4;190
2020-11-13 20:00:00;33882;9.195;48.78;20.22;8.625;0.0;13.9;65.0;983.0;2.3;190
2020-11-13 21:00:00;33882;9.195;48.78;15.02;7.215;0.0;13.7;66.0;983.5;2.7;170
2020-11-13 22:00:00;33882;9.195;48.78;15.33;7.258;0.0;13.3;68.0;983.5;3.0;180
2020-11-13 23:00:00;33882;9.195;48.78;15.67;6.754;0.0;13.2;66.0;983.5;3.3;180
2020-11-14 00:00:00;33882;9.195;48.78;14.15;6.496;0.0;13.1;66.0;984.0;3.5;180
2020-11-14 01:00:00;33882;9.195;48.78;14.73;7.086;0.0;12.6;67.0;983.5;3.2;170
2020-11-14 02:00:00;33882;9.195;48.78;15.87;7.277;0.0;11.8;72.0;983.5;2.3;160
2020-11-14 03:00:00;33882;9.195;48.78;16.47;7.19;0.0;11.6;73.0;983.5;2.7;160
2020-11-14 04:00:00;33882;9.195;48.78;16.45;7.695;0.0;11.5;74.0;983.0;3.3;160
2020-11-14 05:00:00;33882;9.195;48.78;16.75;7.73;0.0;11.5;73.0;983.5;2.7;160
2020-11-14 06:00:00;33882;9.195;48.78;19.22;8.41;0.0;10.9;77.0;983.0;3.0;160
2020-11-14 07:00:00;33882;9.195;48.78;18.6;8.77;0.0;10.9;77.0;983.5;3.0;160
2020-11-14 08:00:00;33882;9.195;48.78;17.97;8.38;0.0;10.9;77.0;983.5;3.4;160
2020-11-14 09:00:00;33882;9.195;48.78;13.42;6.086;0.0;12.5;70.0;983.5;4.0;160
2020-11-14 10:00:00;33882;9.195;48.78;7.0;3.248;0.0;14.1;64.0;983.5;3.7;150
2020-11-14 11:00:00;33882;9.195;48.78;6.184;2.295;0.0;15.9;55.0;983.0;2.9;150
2020-11-14 12:00:00;33882;9.195;48.78;6.918;2.121;0.0;16.8;51.0;982.0;3.8;150
2020-11-14 13:00:00;33882;9.195;48.78;7.895;2.01;0.0;17.4;48.0;981.5;3.3;170
2020-11-14 14:00:00;33882;9.195;48.78;6.027;2.924;0.0;17.4;52.0;981.0;2.8;170
2020-11-14 15:00:00;33882;9.195;48.78;12.79;4.785;0.0;16.3;53.0;981.0;3.1;160
2020-11-14 19:00:00;33882;9.195;48.78;82.9;31.25;0.0;11.6;73.0;981.0;3.5;160
2020-11-14 20:00:00;33882;9.195;48.78;46.2;21.25;0.0;11.2;75.0;980.5;3.5;150
2020-11-14 21:00:00;33882;9.195;48.78;26.22;14.56;0.0;10.8;75.0;981.0;3.5;160
2020-11-14 22:00:00;33882;9.195;48.78;29.53;14.08;0.0;10.1;77.0;981.0;3.9;160
2020-11-14 23:00:00;33882;9.195;48.78;31.02;14.46;0.0;8.3;85.0;981.0;2.9;170
2020-11-15 00:00:00;33882;9.195;48.78;29.44;13.52;0.0;7.9;86.0;981.0;3.2;170
2020-11-15 01:00:00;33882;9.195;48.78;26.9;12.92;0.0;8.9;78.0;980.5;3.8;160
2020-11-15 02:00:00;33882;9.195;48.78;25.56;12.95;0.0;8.0;81.0;980.5;3.5;160
2020-11-15 03:00:00;33882;9.195;48.78;24.16;12.26;0.0;7.7;81.0;979.5;3.9;160
2020-11-15 04:00:00;33882;9.195;48.78;20.5;10.51;0.0;7.6;81.0;979.5;3.2;160
2020-11-15 05:00:00;33882;9.195;48.78;23.86;11.73;0.0;7.4;81.0;979.5;3.9;160
2020-11-15 06:00:00;33882;9.195;48.78;20.84;10.84;0.0;7.3;81.0;979.0;4.8;170
2020-11-15 07:00:00;33882;9.195;48.78;19.52;10.164;0.0;7.5;80.0;979.5;4.2;170
2020-11-15 08:00:00;33882;9.195;48.78;20.34;10.766;0.0;7.6;80.0;979.5;4.1;160
2020-11-15 09:00:00;33882;9.195;48.78;19.88;10.17;0.0;9.9;72.0;978.5;4.1;150
2020-11-15 10:00:00;33882;9.195;48.78;12.7;4.6;0.0;11.2;69.0;978.0;4.7;150
2020-11-15 11:00:00;33882;9.195;48.78;10.93;4.945;0.0;13.2;64.0;976.5;4.3;150
2020-11-15 12:00:00;33882;9.195;48.78;9.1;2.82;0.0;16.0;57.0;976.0;3.7;150
2020-11-15 13:00:00;33882;9.195;48.78;6.32;2.143;0.0;17.5;50.0;975.0;2.8;160
2020-11-15 14:00:00;33882;9.195;48.78;8.16;2.695;0.0;17.2;50.0;974.0;4.2;160
2020-11-15 15:00:00;33882;9.195;48.78;11.74;4.02;0.0;16.2;53.0;974.0;4.0;150
2020-11-15 16:00:00;33882;9.195;48.78;14.22;4.96;0.0;14.9;58.0;973.0;3.5;140
2020-11-15 17:00:00;33882;9.195;48.78;11.62;5.355;0.0;13.7;61.0;973.0;3.3;150
2020-11-15 18:00:00;33882;9.195;48.78;14.52;5.902;0.0;13.1;63.0;973.0;3.6;140
2020-11-15 22:00:00;33882;9.195;48.78;9.75;2.6;0.0;13.2;74.0;973.0;4.1;170
2020-11-16 00:00:00;33882;9.195;48.78;3.426;1.15;0.2;11.4;84.0;974.0;3.6;270
2020-11-16 01:00:00;33882;9.195;48.78;4.81;1.338;1.2;10.3;81.0;975.0;5.6;280
2020-11-16 03:00:00;33882;9.195;48.78;9.0;1.85;0.0;10.3;79.0;976.5;1.8;190
2020-11-16 04:00:00;33882;9.195;48.78;4.887;1.385;0.0;10.1;77.0;976.5;2.4;230
2020-11-16 05:00:00;33882;9.195;48.78;11.4;2.4;0.0;10.2;71.0;977.5;2.7;240
2020-11-16 11:00:00;33882;9.195;48.78;9.85;1.4;0.0;11.3;65.0;981.5;3.5;220
2020-11-16 12:00:00;33882;9.195;48.78;8.81;1.93;0.0;11.1;72.0;982.0;4.1;230
2020-11-16 13:00:00;33882;9.195;48.78;7.25;2.1;0.0;11.6;64.0;982.0;4.2;250
2020-11-16 14:00:00;33882;9.195;48.78;4.63;1.0;0.0;11.7;65.0;982.5;3.7;240
2020-11-16 15:00:00;33882;9.195;48.78;6.668;1.34;0.0;11.7;67.0;983.0;4.3;240
2020-11-16 17:00:00;33882;9.195;48.78;4.066;1.63;0.0;10.8;71.0;985.0;3.2;250
2020-11-16 18:00:00;33882;9.195;48.78;6.223;2.326;0.0;10.3;73.0;985.5;1.5;220
2020-11-16 19:00:00;33882;9.195;48.78;5.47;2.402;0.0;10.3;74.0;986.5;1.7;220
2020-11-16 20:00:00;33882;9.195;48.78;5.29;2.053;0.0;9.6;79.0;987.0;2.0;240
2020-11-16 21:00:00;33882;9.195;48.78;5.418;2.352;0.0;9.7;78.0;987.5;2.4;230
2020-11-16 22:00:00;33882;9.195;48.78;5.652;2.352;0.0;9.8;77.0;987.5;2.0;230
2020-11-16 23:00:00;33882;9.195;48.78;4.9;1.662;0.0;9.7;76.0;988.0;1.8;250
2020-11-17 00:00:00;33882;9.195;48.78;5.63;1.7;0.0;9.8;74.0;988.5;2.1;230
2020-11-17 01:00:00;33882;9.195;48.78;5.71;1.611;0.0;9.5;76.0;988.5;1.8;230
2020-11-17 02:00:00;33882;9.195;48.78;6.207;1.829;0.0;9.2;77.0;988.5;1.9;230
2020-11-17 03:00:00;33882;9.195;48.78;7.168;2.062;0.0;8.6;79.0;988.5;2.0;230
2020-11-17 04:00:00;33882;9.195;48.78;10.83;2.225;0.0;8.0;81.0;988.5;1.4;220
2020-11-17 05:00:00;33882;9.195;48.78;11.33;2.9;0.0;8.1;80.0;989.0;1.4;230
2020-11-17 06:00:00;33882;9.195;48.78;12.42;2.62;0.0;9.2;74.0;989.5;2.4;230
2020-11-17 07:00:00;33882;9.195;48.78;13.57;2.682;0.0;9.2;74.0;990.5;2.7;240
2020-11-17 08:00:00;33882;9.195;48.78;12.53;2.576;0.0;9.7;71.0;991.0;2.5;210
2020-11-17 09:00:00;33882;9.195;48.78;8.055;1.701;0.0;10.8;65.0;991.0;2.5;200
2020-11-17 10:00:00;33882;9.195;48.78;8.11;1.561;0.0;11.5;60.0;991.5;3.2;220
2020-11-17 11:00:00;33882;9.195;48.78;9.26;1.982;0.0;12.0;56.0;991.5;3.1;230
2020-11-17 12:00:00;33882;9.195;48.78;9.79;1.887;0.0;12.0;60.0;991.0;3.0;230
2020-11-17 13:00:00;33882;9.195;48.78;7.47;1.661;0.0;12.4;58.0;991.0;2.2;220
2020-11-17 14:00:00;33882;9.195;48.78;8.79;1.976;0.0;12.3;60.0;990.5;2.0;200
2020-11-17 15:00:00;33882;9.195;48.78;11.58;2.398;0.0;12.1;61.0;991.0;1.6;210
2020-11-17 16:00:00;33882;9.195;48.78;16.06;5.34;0.0;11.4;64.0;991.0;2.3;190
2020-11-17 17:00:00;33882;9.195;48.78;16.3;4.566;0.0;11.0;65.0;991.0;2.5;190
2020-11-17 18:00:00;33882;9.195;48.78;15.95;4.977;0.0;10.0;69.0;991.0;2.4;210
2020-11-17 19:00:00;33882;9.195;48.78;20.58;6.207;0.0;9.2;74.0;991.0;1.8;260
2020-11-17 20:00:00;33882;9.195;48.78;21.88;6.68;0.0;8.5;76.0;991.0;1.7;140
2020-11-17 21:00:00;33882;9.195;48.78;20.98;5.97;0.0;7.9;79.0;991.0;2.0;150
2020-11-17 22:00:00;33882;9.195;48.78;28.45;8.08;0.0;6.5;85.0;991.0;2.0;160
2020-11-17 23:00:00;33882;9.195;48.78;26.77;7.645;0.0;6.0;88.0;991.0;0.6;120
2020-11-18 00:00:00;33882;9.195;48.78;23.48;7.617;0.0;5.8;88.0;990.5;2.3;150
2020-11-18 01:00:00;33882;9.195;48.78;24.16;7.45;0.0;5.4;88.0;990.5;3.5;150
2020-11-18 02:00:00;33882;9.195;48.78;23.44;8.016;0.0;4.8;90.0;990.5;2.9;150
2020-11-18 03:00:00;33882;9.195;48.78;20.84;8.35;0.0;4.3;91.0;990.0;2.6;160
2020-11-18 04:00:00;33882;9.195;48.78;25.81;9.35;0.0;4.2;91.0;990.0;2.8;160
2020-11-18 05:00:00;33882;9.195;48.78;27.73;10.26;0.0;3.9;92.0;990.0;3.9;160
2020-11-18 06:00:00;33882;9.195;48.78;27.83;9.58;0.0;3.3;93.0;990.0;3.7;160
2020-11-18 07:00:00;33882;9.195;48.78;22.62;8.62;0.0;2.9;93.0;990.0;3.7;150
2020-11-18 08:00:00;33882;9.195;48.78;19.33;7.758;0.0;4.2;88.0;990.0;3.6;150
2020-11-18 09:00:00;33882;9.195;48.78;17.17;6.406;0.0;5.8;80.0;990.0;3.2;130
2020-11-18 10:00:00;33882;9.195;48.78;18.36;7.13;0.0;8.0;72.0;989.5;3.4;130
2020-11-18 11:00:00;33882;9.195;48.78;16.7;6.54;0.0;9.7;66.0;989.0;3.3;140
2020-11-18 12:00:00;33882;9.195;48.78;15.875;6.457;0.0;12.3;57.0;988.0;2.8;130
2020-11-18 13:00:00;33882;9.195;48.78;15.12;4.855;0.0;13.9;53.0;987.0;2.9;130
2020-11-18 14:00:00;33882;9.195;48.78;18.25;5.984;0.0;14.4;51.0;986.5;3.4;140
2020-11-18 15:00:00;33882;9.195;48.78;20.77;7.55;0.0;13.6;54.0;986.5;2.5;150
2020-11-18 16:00:00;33882;9.195;48.78;23.36;8.48;0.0;12.8;59.0;986.5;2.6;160
2020-11-18 17:00:00;33882;9.195;48.78;19.47;7.195;0.0;11.0;66.0;986.0;1.5;170
2020-11-18 18:00:00;33882;9.195;48.78;27.73;9.484;0.0;9.8;72.0;985.5;1.5;180
2020-11-18 19:00:00;33882;9.195;48.78;25.47;10.125;0.0;8.7;76.0;985.5;2.6;170
2020-11-18 20:00:00;33882;9.195;48.78;28.94;11.48;0.0;9.4;75.0;985.5;3.9;170
2020-11-18 21:00:00;33882;9.195;48.78;25.94;10.67;0.0;9.1;75.0;985.0;4.3;170
2020-11-18 22:00:00;33882;9.195;48.78;25.61;9.695;0.0;8.3;76.0;984.5;4.0;170
2020-11-18 23:00:00;33882;9.195;48.78;23.73;9.836;0.0;9.0;68.0;985.0;3.7;170
2020-11-19 00:00:00;33882;9.195;48.78;24.61;9.26;0.0;8.3;71.0;984.5;2.5;160
2020-11-19 01:00:00;33882;9.195;48.78;20.67;8.98;0.0;7.2;76.0;984.5;4.2;170
2020-11-19 02:00:00;33882;9.195;48.78;17.02;7.9;0.0;7.1;75.0;984.0;3.5;160
2020-11-19 03:00:00;33882;9.195;48.78;22.45;9.49;0.0;7.6;71.0;983.5;3.6;170
2020-11-19 04:00:00;33882;9.195;48.78;16.1;6.496;0.0;7.7;69.0;983.5;4.6;180
2020-11-19 05:00:00;33882;9.195;48.78;14.08;5.176;0.0;7.7;70.0;983.0;4.3;170
2020-11-19 06:00:00;33882;9.195;48.78;22.66;7.02;0.0;8.6;68.0;983.0;4.2;170
2020-11-19 07:00:00;33882;9.195;48.78;20.08;6.97;0.0;10.4;66.0;983.0;2.9;170
2020-11-19 08:00:00;33882;9.195;48.78;7.19;2.479;0.0;12.3;73.0;983.5;1.5;230
2020-11-19 09:00:00;33882;9.195;48.78;2.145;1.056;0.0;13.5;73.0;983.5;3.5;250
2020-11-19 10:00:00;33882;9.195;48.78;7.74;1.67;0.1;9.7;86.0;985.5;7.1;290
2020-11-19 11:00:00;33882;9.195;48.78;16.17;2.346;0.0;8.8;75.0;986.0;7.8;290
2020-11-19 12:00:00;33882;9.195;48.78;12.35;2.37;0.0;8.8;71.0;986.5;7.7;300
2020-11-19 13:00:00;33882;9.195;48.78;12.59;1.978;0.0;9.3;62.0;987.0;4.9;280
2020-11-19 14:00:00;33882;9.195;48.78;9.54;2.307;0.0;9.5;63.0;987.0;5.6;280
2020-11-19 15:00:00;33882;9.195;48.78;11.195;2.48;0.0;9.3;67.0;987.5;4.9;270
2020-11-19 16:00:00;33882;9.195;48.78;6.586;2.312;0.0;8.3;71.0;988.0;5.4;270
2020-11-19 17:00:00;33882;9.195;48.78;9.77;2.658;0.0;8.0;73.0;989.0;3.7;260
2020-11-19 18:00:00;33882;9.195;48.78;11.19;3.004;0.3;7.3;75.0;990.0;4.1;270
2020-11-19 19:00:00;33882;9.195;48.78;10.16;2.96;0.0;7.2;76.0;990.5;3.7;260
2020-11-19 20:00:00;33882;9.195;48.78;10.4;2.797;0.0;7.3;76.0;990.5;3.3;260
2020-11-19 21:00:00;33882;9.195;48.78;10.03;3.02;0.0;6.9;80.0;990.5;3.4;270
2020-11-19 22:00:00;33882;9.195;48.78;12.586;3.068;0.0;6.8;84.0;991.0;2.9;270
2020-11-19 23:00:00;33882;9.195;48.78;13.86;3.6;0.1;6.8;85.0;991.0;3.0;270
2020-11-20 00:00:00;33882;9.195;48.78;10.26;3.664;0.0;6.6;88.0;991.5;4.7;300
2020-11-20 01:00:00;33882;9.195;48.78;15.42;4.992;0.0;6.1;92.0;992.0;4.8;300
2020-11-20 02:00:00;33882;9.195;48.78;15.28;4.773;0.0;5.9;91.0;992.5;4.0;300
2020-11-20 03:00:00;33882;9.195;48.78;14.36;3.236;0.0;5.6;87.0;993.0;4.7;310
2020-11-20 04:00:00;33882;9.195;48.78;15.82;3.74;0.0;4.7;85.0;993.5;3.7;320
2020-11-20 05:00:00;33882;9.195;48.78;25.1;5.76;0.0;3.6;88.0;994.0;2.8;300
2020-11-20 06:00:00;33882;9.195;48.78;25.94;6.45;0.0;3.0;90.0;994.5;2.8;280
2020-11-20 07:00:00;33882;9.195;48.78;26.73;8.21;0.0;2.8;92.0;995.0;3.1;290
2020-11-20 08:00:00;33882;9.195;48.78;30.4;8.19;0.0;2.9;91.0;995.5;2.7;280
2020-11-20 09:00:00;33882;9.195;48.78;23.25;5.06;0.0;4.1;84.0;996.0;2.5;290
2020-11-20 10:00:00;33882;9.195;48.78;16.5;3.617;0.0;5.6;73.0;996.0;1.8;290
2020-11-20 11:00:00;33882;9.195;48.78;14.63;3.248;0.0;6.0;66.0;996.0;2.3;310
2020-11-20 12:00:00;33882;9.195;48.78;13.12;3.557;0.0;6.6;63.0;996.0;2.4;330
2020-11-20 13:00:00;33882;9.195;48.78;16.67;4.2;0.0;5.8;65.0;996.0;3.0;350
2020-11-20 14:00:00;33882;9.195;48.78;20.25;4.953;0.0;6.0;68.0;996.5;3.3;320
2020-11-20 15:00:00;33882;9.195;48.78;21.17;4.613;0.0;5.5;72.0;996.5;3.1;320
2020-11-20 16:00:00;33882;9.195;48.78;22.97;5.246;0.0;4.9;77.0;996.5;2.4;320
2020-11-20 17:00:00;33882;9.195;48.78;22.66;6.18;0.0;4.8;77.0;997.5;2.3;310
2020-11-20 18:00:00;33882;9.195;48.78;36.56;7.6;0.0;4.4;81.0;997.5;1.3;310
2020-11-20 19:00:00;33882;9.195;48.78;31.12;7.645;0.0;4.3;81.0;998.0;1.2;300
2020-11-20 21:00:00;33882;9.195;48.78;42.16;11.73;0.0;2.8;89.0;997.5;0.6;150
2020-11-20 22:00:00;33882;9.195;48.78;37.88;12.67;0.0;2.1;92.0;997.5;1.2;150
2020-11-20 23:00:00;33882;9.195;48.78;38.84;14.66;0.0;1.5;93.0;998.0;0.9;200
2020-11-21 00:00:00;33882;9.195;48.78;37.7;14.94;0.0;0.7;93.0;998.0;0.6;270
2020-11-21 01:00:00;33882;9.195;48.78;36.72;14.47;0.0;0.1;97.0;997.5;1.5;190
2020-11-21 02:00:00;33882;9.195;48.78;35.12;15.22;0.0;-0.3;96.0;997.0;2.5;150
2020-11-21 03:00:00;33882;9.195;48.78;41.16;15.125;0.0;-0.3;93.0;997.5;2.2;160
2020-11-21 04:00:00;33882;9.195;48.78;37.03;15.7;0.0;-1.4;96.0;997.5;1.3;150
2020-11-21 05:00:00;33882;9.195;48.78;40.7;17.14;0.0;-2.7;97.0;997.0;2.0;140
2020-11-21 06:00:00;33882;9.195;48.78;33.9;14.51;0.0;-2.4;96.0;997.0;2.7;150
2020-11-21 07:00:00;33882;9.195;48.78;32.5;13.414;0.0;-2.2;95.0;997.0;2.6;150
2020-11-21 08:00:00;33882;9.195;48.78;29.22;12.93;0.0;-1.4;94.0;997.5;1.1;150
2020-11-21 09:00:00;33882;9.195;48.78;28.81;12.36;0.0;-0.2;91.0;997.0;1.7;140
2020-11-21 10:00:00;33882;9.195;48.78;21.44;10.71;0.0;1.2;82.0;997.0;2.3;140
2020-11-21 11:00:00;33882;9.195;48.78;20.1;9.65;0.0;2.9;73.0;996.5;2.0;140
2020-11-21 12:00:00;33882;9.195;48.78;20.27;9.0;0.0;4.5;66.0;995.5;3.1;140
2020-11-21 13:00:00;33882;9.195;48.78;14.625;5.574;0.0;5.3;62.0;995.0;2.9;130
2020-11-21 14:00:00;33882;9.195;48.78;17.66;7.54;0.0;5.8;57.0;994.5;2.8;140
2020-11-21 15:00:00;33882;9.195;48.78;24.42;9.8;0.0;5.1;59.0;994.0;1.5;130
2020-11-21 16:00:00;33882;9.195;48.78;22.4;9.47;0.0;4.5;65.0;993.5;2.2;150
2020-11-21 17:00:00;33882;9.195;48.78;27.6;11.14;0.0;4.1;64.0;994.0;2.2;170
2020-11-21 18:00:00;33882;9.195;48.78;37.16;15.83;0.0;3.2;72.0;993.5;1.7;160
2020-11-21 19:00:00;33882;9.195;48.78;46.7;19.97;0.0;2.3;77.0;994.0;1.7;160
2020-11-21 20:00:00;33882;9.195;48.78;51.28;21.23;0.0;1.5;81.0;993.5;2.2;160
2020-11-21 21:00:00;33882;9.195;48.78;53.3;21.98;0.0;0.5;86.0;993.0;2.8;150
2020-11-21 22:00:00;33882;9.195;48.78;54.0;23.02;0.0;0.3;87.0;992.5;2.5;150
2020-11-21 23:00:00;33882;9.195;48.78;43.97;20.42;0.0;-0.1;87.0;992.5;2.7;160
