sensor_id;sensor_type;location;lat;lon;timestamp;P1;durP1;ratioP1;P2;durP2;ratioP2
2700;SDS011;1360;48.796;9.204;2020-10-13T00:00:03;22.03;;;20.93;;
2700;SDS011;1360;48.796;9.204;2020-10-13T00:02:30;19.13;;;18.07;;
2700;SDS011;1360;48.796;9.204;2020-10-13T00:04:56;21.30;;;20.03;;
2700;SDS011;1360;48.796;9.204;2020-10-13T00:07:23;21.33;;;20.33;;
2700;SDS011;1360;48.796;9.204;2020-10-13T00:09:50;20.07;;;19.00;;
2700;SDS011;1360;48.796;9.204;2020-10-13T00:12:17;19.23;;;18.10;;
2700;SDS011;1360;48.796;9.204;2020-10-13T00:14:44;14.97;;;13.87;;
2700;SDS011;1360;48.796;9.204;2020-10-13T00:17:11;16.67;;;15.67;;
2700;SDS011;1360;48.796;9.204;2020-10-13T00:19:38;17.00;;;16.00;;
2700;SDS011;1360;48.796;9.204;2020-10-13T00:22:04;17.83;;;16.47;;
2700;SDS011;1360;48.796;9.204;2020-10-13T00:24:31;95.10;;;90.80;;
2700;SDS011;1360;48.796;9.204;2020-10-13T00:26:58;95.73;;;91.47;;
2700;SDS011;1360;48.796;9.204;2020-10-13T00:29:26;107.67;;;102.93;;
2700;SDS011;1360;48.796;9.204;2020-10-13T00:31:52;140.07;;;134.07;;
2700;SDS011;1360;48.796;9.204;2020-10-13T00:34:19;104.60;;;99.93;;
2700;SDS011;1360;48.796;9.204;2020-10-13T00:36:46;28.10;;;26.50;;
2700;SDS011;1360;48.796;9.204;2020-10-13T00:39:13;20.07;;;18.83;;
2700;SDS011;1360;48.796;9.204;2020-10-13T00:41:41;14.60;;;13.53;;
2700;SDS011;1360;48.796;9.204;2020-10-13T00:44:08;17.93;;;16.73;;
2700;SDS011;1360;48.796;9.204;2020-10-13T00:46:36;53.67;;;50.80;;
2700;SDS011;1360;48.796;9.204;2020-10-13T00:49:03;83.13;;;79.50;;
2700;SDS011;1360;48.796;9.204;2020-10-13T00:51:30;24.33;;;23.13;;
2700;SDS011;1360;48.796;9.204;2020-10-13T00:53:57;38.30;;;36.53;;
2700;SDS011;1360;48.796;9.204;2020-10-13T00:56:25;26.63;;;25.30;;
2700;SDS011;1360;48.796;9.204;2020-10-13T00:58:56;31.73;;;30.07;;
2700;SDS011;1360;48.796;9.204;2020-10-13T01:01:23;29.80;;;28.40;;
2700;SDS011;1360;48.796;9.204;2020-10-13T01:03:50;36.60;;;34.83;;
2700;SDS011;1360;48.796;9.204;2020-10-13T01:06:17;37.43;;;35.20;;
2700;SDS011;1360;48.796;9.204;2020-10-13T01:08:44;49.80;;;47.50;;
2700;SDS011;1360;48.796;9.204;2020-10-13T01:11:11;29.87;;;28.27;;
2700;SDS011;1360;48.796;9.204;2020-10-13T01:13:38;18.97;;;17.80;;
2700;SDS011;1360;48.796;9.204;2020-10-13T01:16:04;16.83;;;15.67;;
2700;SDS011;1360;48.796;9.204;2020-10-13T01:18:31;12.47;;;11.40;;
2700;SDS011;1360;48.796;9.204;2020-10-13T01:21:00;23.87;;;22.53;;
2700;SDS011;1360;48.796;9.204;2020-10-13T01:23:26;23.30;;;22.07;;
2700;SDS011;1360;48.796;9.204;2020-10-13T01:25:53;30.30;;;28.73;;
2700;SDS011;1360;48.796;9.204;2020-10-13T01:28:20;29.97;;;28.27;;
2700;SDS011;1360;48.796;9.204;2020-10-13T01:30:47;32.03;;;29.77;;
2700;SDS011;1360;48.796;9.204;2020-10-13T01:33:13;19.83;;;18.30;;
2700;SDS011;1360;48.796;9.204;2020-10-13T01:35:40;19.43;;;18.43;;
2700;SDS011;1360;48.796;9.204;2020-10-13T01:38:08;21.40;;;19.77;;
2700;SDS011;1360;48.796;9.204;2020-10-13T01:40:35;24.13;;;22.83;;
2700;SDS011;1360;48.796;9.204;2020-10-13T01:43:02;20.53;;;19.47;;
2700;SDS011;1360;48.796;9.204;2020-10-13T01:45:29;22.57;;;20.97;;
2700;SDS011;1360;48.796;9.204;2020-10-13T01:47:56;19.07;;;18.00;;
2700;SDS011;1360;48.796;9.204;2020-10-13T01:50:23;25.43;;;24.03;;
2700;SDS011;1360;48.796;9.204;2020-10-13T01:52:50;20.87;;;19.57;;
2700;SDS011;1360;48.796;9.204;2020-10-13T01:55:17;29.33;;;27.67;;
2700;SDS011;1360;48.796;9.204;2020-10-13T01:57:44;20.47;;;19.23;;
2700;SDS011;1360;48.796;9.204;2020-10-13T02:00:11;38.57;;;36.17;;
2700;SDS011;1360;48.796;9.204;2020-10-13T02:02:38;40.50;;;38.70;;
2700;SDS011;1360;48.796;9.204;2020-10-13T02:05:05;39.37;;;37.57;;
2700;SDS011;1360;48.796;9.204;2020-10-13T02:07:32;34.87;;;33.27;;
2700;SDS011;1360;48.796;9.204;2020-10-13T02:09:59;16.10;;;14.90;;
2700;SDS011;1360;48.796;9.204;2020-10-13T02:12:26;47.50;;;44.90;;
2700;SDS011;1360;48.796;9.204;2020-10-13T02:14:53;43.53;;;41.43;;
2700;SDS011;1360;48.796;9.204;2020-10-13T02:17:20;44.53;;;42.43;;
2700;SDS011;1360;48.796;9.204;2020-10-13T02:19:47;34.27;;;32.50;;
2700;SDS011;1360;48.796;9.204;2020-10-13T02:22:14;15.57;;;14.57;;
2700;SDS011;1360;48.796;9.204;2020-10-13T02:24:41;41.30;;;39.13;;
2700;SDS011;1360;48.796;9.204;2020-10-13T02:27:08;40.53;;;38.63;;
2700;SDS011;1360;48.796;9.204;2020-10-13T02:29:36;17.23;;;15.93;;
2700;SDS011;1360;48.796;9.204;2020-10-13T02:32:03;21.00;;;19.77;;
2700;SDS011;1360;48.796;9.204;2020-10-13T02:34:30;81.10;;;76.83;;
2700;SDS011;1360;48.796;9.204;2020-10-13T02:36:56;80.27;;;76.57;;
2700;SDS011;1360;48.796;9.204;2020-10-13T02:39:23;46.73;;;44.33;;
2700;SDS011;1360;48.796;9.204;2020-10-13T02:41:50;20.40;;;19.40;;
2700;SDS011;1360;48.796;9.204;2020-10-13T02:44:17;13.37;;;12.57;;
2700;SDS011;1360;48.796;9.204;2020-10-13T02:46:45;11.53;;;10.73;;
2700;SDS011;1360;48.796;9.204;2020-10-13T02:49:12;24.53;;;23.13;;
2700;SDS011;1360;48.796;9.204;2020-10-13T02:51:39;34.67;;;32.80;;
2700;SDS011;1360;48.796;9.204;2020-10-13T02:54:06;27.17;;;25.77;;
2700;SDS011;1360;48.796;9.204;2020-10-13T02:56:33;30.30;;;28.50;;
2700;SDS011;1360;48.796;9.204;2020-10-13T02:58:59;19.93;;;19.03;;
2700;SDS011;1360;48.796;9.204;2020-10-13T03:01:26;19.60;;;18.43;;
2700;SDS011;1360;48.796;9.204;2020-10-13T03:04:06;15.17;;;14.13;;
2700;SDS011;1360;48.796;9.204;2020-10-13T03:06:32;22.03;;;20.73;;
2700;SDS011;1360;48.796;9.204;2020-10-13T03:08:59;16.13;;;15.00;;
2700;SDS011;1360;48.796;9.204;2020-10-13T03:11:26;12.60;;;11.90;;
2700;SDS011;1360;48.796;9.204;2020-10-13T03:13:52;10.17;;;9.40;;
2700;SDS011;1360;48.796;9.204;2020-10-13T03:16:25;11.97;;;10.93;;
2700;SDS011;1360;48.796;9.204;2020-10-13T03:18:53;11.40;;;10.67;;
2700;SDS011;1360;48.796;9.204;2020-10-13T03:21:21;9.53;;;8.83;;
2700;SDS011;1360;48.796;9.204;2020-10-13T03:23:47;9.90;;;9.20;;
2700;SDS011;1360;48.796;9.204;2020-10-13T03:26:14;8.10;;;7.60;;
2700;SDS011;1360;48.796;9.204;2020-10-13T03:28:41;8.83;;;7.93;;
2700;SDS011;1360;48.796;9.204;2020-10-13T03:31:08;17.20;;;16.30;;
2700;SDS011;1360;48.796;9.204;2020-10-13T03:33:35;14.83;;;14.03;;
2700;SDS011;1360;48.796;9.204;2020-10-13T03:36:10;21.87;;;20.57;;
2700;SDS011;1360;48.796;9.204;2020-10-13T03:38:38;28.90;;;27.13;;
2700;SDS011;1360;48.796;9.204;2020-10-13T03:41:05;34.60;;;32.70;;
2700;SDS011;1360;48.796;9.204;2020-10-13T03:43:32;19.17;;;18.17;;
2700;SDS011;1360;48.796;9.204;2020-10-13T03:45:59;22.17;;;20.73;;
2700;SDS011;1360;48.796;9.204;2020-10-13T03:48:27;26.63;;;25.03;;
2700;SDS011;1360;48.796;9.204;2020-10-13T03:50:54;35.80;;;33.90;;
2700;SDS011;1360;48.796;9.204;2020-10-13T03:53:21;28.70;;;27.07;;
2700;SDS011;1360;48.796;9.204;2020-10-13T03:55:49;18.27;;;17.17;;
2700;SDS011;1360;48.796;9.204;2020-10-13T03:58:16;19.87;;;18.60;;
2700;SDS011;1360;48.796;9.204;2020-10-13T04:00:43;27.70;;;26.07;;
2700;SDS011;1360;48.796;9.204;2020-10-13T04:03:10;16.27;;;15.10;;
2700;SDS011;1360;48.796;9.204;2020-10-13T04:05:36;15.97;;;14.33;;
2700;SDS011;1360;48.796;9.204;2020-10-13T04:08:04;16.67;;;15.77;;
2700;SDS011;1360;48.796;9.204;2020-10-13T04:10:31;13.47;;;12.17;;
2700;SDS011;1360;48.796;9.204;2020-10-13T04:12:59;11.63;;;10.57;;
2700;SDS011;1360;48.796;9.204;2020-10-13T04:15:32;8.33;;;7.63;;
2700;SDS011;1360;48.796;9.204;2020-10-13T04:18:00;8.33;;;7.50;;
2700;SDS011;1360;48.796;9.204;2020-10-13T04:20:28;8.50;;;7.67;;
2700;SDS011;1360;48.796;9.204;2020-10-13T04:23:08;7.20;;;6.60;;
2700;SDS011;1360;48.796;9.204;2020-10-13T04:25:35;8.87;;;8.07;;
2700;SDS011;1360;48.796;9.204;2020-10-13T04:28:03;10.50;;;9.57;;
2700;SDS011;1360;48.796;9.204;2020-10-13T04:33:12;26.40;;;24.90;;
2700;SDS011;1360;48.796;9.204;2020-10-13T04:35:40;31.70;;;29.77;;
2700;SDS011;1360;48.796;9.204;2020-10-13T04:38:07;36.57;;;34.03;;
2700;SDS011;1360;48.796;9.204;2020-10-13T04:40:34;27.63;;;25.63;;
2700;SDS011;1360;48.796;9.204;2020-10-13T04:43:02;53.50;;;50.70;;
2700;SDS011;1360;48.796;9.204;2020-10-13T04:45:29;57.43;;;54.53;;
2700;SDS011;1360;48.796;9.204;2020-10-13T04:48:04;81.43;;;77.27;;
2700;SDS011;1360;48.796;9.204;2020-10-13T04:50:31;36.00;;;34.00;;
2700;SDS011;1360;48.796;9.204;2020-10-13T04:52:58;51.30;;;48.53;;
2700;SDS011;1360;48.796;9.204;2020-10-13T04:55:25;39.97;;;37.97;;
2700;SDS011;1360;48.796;9.204;2020-10-13T04:57:53;45.00;;;42.87;;
2700;SDS011;1360;48.796;9.204;2020-10-13T05:00:28;50.13;;;47.40;;
2700;SDS011;1360;48.796;9.204;2020-10-13T05:02:58;30.37;;;28.37;;
2700;SDS011;1360;48.796;9.204;2020-10-13T05:05:29;27.53;;;25.87;;
2700;SDS011;1360;48.796;9.204;2020-10-13T05:07:57;24.13;;;22.67;;
2700;SDS011;1360;48.796;9.204;2020-10-13T05:10:24;21.77;;;20.03;;
2700;SDS011;1360;48.796;9.204;2020-10-13T05:12:51;31.50;;;29.03;;
2700;SDS011;1360;48.796;9.204;2020-10-13T05:15:19;24.43;;;23.17;;
2700;SDS011;1360;48.796;9.204;2020-10-13T05:17:46;32.03;;;30.23;;
2700;SDS011;1360;48.796;9.204;2020-10-13T05:20:13;39.10;;;36.87;;
2700;SDS011;1360;48.796;9.204;2020-10-13T05:22:51;30.03;;;28.10;;
2700;SDS011;1360;48.796;9.204;2020-10-13T05:25:22;41.73;;;39.13;;
2700;SDS011;1360;48.796;9.204;2020-10-13T05:27:49;38.23;;;35.90;;
2700;SDS011;1360;48.796;9.204;2020-10-13T05:30:15;31.63;;;29.67;;
2700;SDS011;1360;48.796;9.204;2020-10-13T05:32:42;31.77;;;30.17;;
2700;SDS011;1360;48.796;9.204;2020-10-13T05:35:09;38.97;;;36.70;;
2700;SDS011;1360;48.796;9.204;2020-10-13T05:37:38;56.40;;;53.53;;
2700;SDS011;1360;48.796;9.204;2020-10-13T05:40:06;22.97;;;21.47;;
2700;SDS011;1360;48.796;9.204;2020-10-13T05:42:34;29.43;;;27.47;;
2700;SDS011;1360;48.796;9.204;2020-10-13T05:45:02;28.33;;;26.43;;
2700;SDS011;1360;48.796;9.204;2020-10-13T05:47:37;31.07;;;29.33;;
2700;SDS011;1360;48.796;9.204;2020-10-13T05:50:05;23.67;;;22.00;;
2700;SDS011;1360;48.796;9.204;2020-10-13T05:52:33;25.33;;;23.83;;
2700;SDS011;1360;48.796;9.204;2020-10-13T05:55:02;32.23;;;30.33;;
2700;SDS011;1360;48.796;9.204;2020-10-13T05:57:31;15.07;;;13.87;;
2700;SDS011;1360;48.796;9.204;2020-10-13T06:06:03;30.07;;;27.80;;
2700;SDS011;1360;48.796;9.204;2020-10-13T06:11:13;19.90;;;18.20;;
2700;SDS011;1360;48.796;9.204;2020-10-13T06:13:40;33.00;;;30.87;;
2700;SDS011;1360;48.796;9.204;2020-10-13T06:16:08;27.73;;;26.03;;
2700;SDS011;1360;48.796;9.204;2020-10-13T06:18:35;31.07;;;29.33;;
2700;SDS011;1360;48.796;9.204;2020-10-13T06:21:03;22.67;;;21.07;;
2700;SDS011;1360;48.796;9.204;2020-10-13T06:23:30;20.47;;;19.13;;
2700;SDS011;1360;48.796;9.204;2020-10-13T06:26:00;21.20;;;19.93;;
2700;SDS011;1360;48.796;9.204;2020-10-13T06:28:28;44.27;;;41.77;;
2700;SDS011;1360;48.796;9.204;2020-10-13T06:33:39;30.20;;;28.33;;
2700;SDS011;1360;48.796;9.204;2020-10-13T06:36:07;33.97;;;31.67;;
2700;SDS011;1360;48.796;9.204;2020-10-13T06:38:34;29.33;;;27.47;;
2700;SDS011;1360;48.796;9.204;2020-10-13T06:41:10;38.07;;;35.87;;
2700;SDS011;1360;48.796;9.204;2020-10-13T06:43:42;47.53;;;45.03;;
2700;SDS011;1360;48.796;9.204;2020-10-13T06:46:10;59.23;;;56.23;;
2700;SDS011;1360;48.796;9.204;2020-10-13T06:48:37;72.43;;;68.63;;
2700;SDS011;1360;48.796;9.204;2020-10-13T06:51:04;97.97;;;93.33;;
2700;SDS011;1360;48.796;9.204;2020-10-13T06:53:39;80.40;;;76.30;;
2700;SDS011;1360;48.796;9.204;2020-10-13T06:56:06;83.37;;;78.80;;
2700;SDS011;1360;48.796;9.204;2020-10-13T06:58:33;75.40;;;71.77;;
2700;SDS011;1360;48.796;9.204;2020-10-13T07:01:01;39.00;;;36.93;;
2700;SDS011;1360;48.796;9.204;2020-10-13T07:03:37;16.00;;;14.87;;
2700;SDS011;1360;48.796;9.204;2020-10-13T07:06:04;14.00;;;12.83;;
2700;SDS011;1360;48.796;9.204;2020-10-13T07:08:35;14.37;;;12.10;;
2700;SDS011;1360;48.796;9.204;2020-10-13T07:11:03;17.60;;;15.97;;
2700;SDS011;1360;48.796;9.204;2020-10-13T07:14:03;24.00;;;22.43;;
2700;SDS011;1360;48.796;9.204;2020-10-13T07:16:36;48.67;;;45.77;;
2700;SDS011;1360;48.796;9.204;2020-10-13T07:21:59;41.87;;;39.43;;
2700;SDS011;1360;48.796;9.204;2020-10-13T07:24:40;29.13;;;27.17;;
2700;SDS011;1360;48.796;9.204;2020-10-13T07:29:50;27.43;;;25.93;;
2700;SDS011;1360;48.796;9.204;2020-10-13T07:32:18;35.63;;;33.57;;
2700;SDS011;1360;48.796;9.204;2020-10-13T07:34:45;25.23;;;23.63;;
2700;SDS011;1360;48.796;9.204;2020-10-13T07:37:12;18.00;;;16.70;;
2700;SDS011;1360;48.796;9.204;2020-10-13T07:39:40;18.03;;;16.73;;
2700;SDS011;1360;48.796;9.204;2020-10-13T07:42:21;19.27;;;17.37;;
2700;SDS011;1360;48.796;9.204;2020-10-13T07:44:49;17.33;;;16.23;;
2700;SDS011;1360;48.796;9.204;2020-10-13T07:47:19;27.80;;;26.13;;
2700;SDS011;1360;48.796;9.204;2020-10-13T07:55:35;18.47;;;17.33;;
2700;SDS011;1360;48.796;9.204;2020-10-13T07:58:05;33.20;;;31.47;;
2700;SDS011;1360;48.796;9.204;2020-10-13T08:06:03;81.77;;;77.73;;
2700;SDS011;1360;48.796;9.204;2020-10-13T08:08:30;122.27;;;116.33;;
2700;SDS011;1360;48.796;9.204;2020-10-13T08:10:58;110.97;;;105.30;;
2700;SDS011;1360;48.796;9.204;2020-10-13T08:13:27;83.67;;;79.23;;
2700;SDS011;1360;48.796;9.204;2020-10-13T08:15:54;38.30;;;36.03;;
2700;SDS011;1360;48.796;9.204;2020-10-13T08:18:38;23.60;;;22.10;;
2700;SDS011;1360;48.796;9.204;2020-10-13T08:21:09;48.13;;;45.50;;
2700;SDS011;1360;48.796;9.204;2020-10-13T08:23:38;73.23;;;68.73;;
2700;SDS011;1360;48.796;9.204;2020-10-13T08:26:06;42.20;;;39.90;;
2700;SDS011;1360;48.796;9.204;2020-10-13T08:28:34;16.73;;;15.53;;
2700;SDS011;1360;48.796;9.204;2020-10-13T08:31:05;14.30;;;13.00;;
2700;SDS011;1360;48.796;9.204;2020-10-13T08:33:32;12.27;;;11.37;;
2700;SDS011;1360;48.796;9.204;2020-10-13T08:39:58;14.17;;;12.93;;
2700;SDS011;1360;48.796;9.204;2020-10-13T08:48:59;15.20;;;14.10;;
2700;SDS011;1360;48.796;9.204;2020-10-13T08:51:40;17.53;;;16.33;;
2700;SDS011;1360;48.796;9.204;2020-10-13T08:54:07;30.30;;;28.67;;
2700;SDS011;1360;48.796;9.204;2020-10-13T08:56:34;45.57;;;42.77;;
2700;SDS011;1360;48.796;9.204;2020-10-13T08:59:02;43.03;;;40.77;;
2700;SDS011;1360;48.796;9.204;2020-10-13T09:01:29;29.63;;;28.13;;
2700;SDS011;1360;48.796;9.204;2020-10-13T09:03:56;33.07;;;31.43;;
2700;SDS011;1360;48.796;9.204;2020-10-13T09:06:23;57.27;;;54.17;;
2700;SDS011;1360;48.796;9.204;2020-10-13T09:08:52;79.90;;;75.50;;
2700;SDS011;1360;48.796;9.204;2020-10-13T09:11:21;98.77;;;92.97;;
2700;SDS011;1360;48.796;9.204;2020-10-13T09:13:50;98.63;;;92.53;;
2700;SDS011;1360;48.796;9.204;2020-10-13T09:16:17;94.63;;;89.37;;
2700;SDS011;1360;48.796;9.204;2020-10-13T09:18:45;65.80;;;61.87;;
2700;SDS011;1360;48.796;9.204;2020-10-13T09:21:13;59.80;;;56.37;;
2700;SDS011;1360;48.796;9.204;2020-10-13T09:23:41;96.67;;;91.80;;
2700;SDS011;1360;48.796;9.204;2020-10-13T09:26:08;272.97;;;259.00;;
2700;SDS011;1360;48.796;9.204;2020-10-13T09:28:41;132.60;;;125.60;;
2700;SDS011;1360;48.796;9.204;2020-10-13T09:31:12;50.77;;;48.00;;
2700;SDS011;1360;48.796;9.204;2020-10-13T09:33:39;55.33;;;52.27;;
2700;SDS011;1360;48.796;9.204;2020-10-13T09:36:33;51.67;;;48.77;;
2700;SDS011;1360;48.796;9.204;2020-10-13T09:39:03;68.03;;;64.13;;
2700;SDS011;1360;48.796;9.204;2020-10-13T09:41:42;26.10;;;24.60;;
2700;SDS011;1360;48.796;9.204;2020-10-13T09:44:09;13.13;;;12.33;;
2700;SDS011;1360;48.796;9.204;2020-10-13T09:46:36;11.63;;;10.87;;
2700;SDS011;1360;48.796;9.204;2020-10-13T09:49:03;24.70;;;23.57;;
2700;SDS011;1360;48.796;9.204;2020-10-13T09:51:30;38.50;;;36.80;;
2700;SDS011;1360;48.796;9.204;2020-10-13T09:54:10;32.30;;;30.80;;
2700;SDS011;1360;48.796;9.204;2020-10-13T09:56:38;32.23;;;30.77;;
2700;SDS011;1360;48.796;9.204;2020-10-13T09:59:07;35.33;;;33.47;;
2700;SDS011;1360;48.796;9.204;2020-10-13T10:01:35;61.23;;;58.47;;
2700;SDS011;1360;48.796;9.204;2020-10-13T10:04:03;55.70;;;52.90;;
2700;SDS011;1360;48.796;9.204;2020-10-13T10:06:31;27.13;;;25.77;;
2700;SDS011;1360;48.796;9.204;2020-10-13T10:09:00;31.60;;;30.17;;
2700;SDS011;1360;48.796;9.204;2020-10-13T10:11:29;24.70;;;23.57;;
2700;SDS011;1360;48.796;9.204;2020-10-13T10:13:58;18.57;;;17.23;;
2700;SDS011;1360;48.796;9.204;2020-10-13T10:16:25;55.77;;;53.23;;
2700;SDS011;1360;48.796;9.204;2020-10-13T10:18:52;20.90;;;19.87;;
2700;SDS011;1360;48.796;9.204;2020-10-13T10:21:23;16.73;;;15.87;;
2700;SDS011;1360;48.796;9.204;2020-10-13T10:23:55;17.50;;;16.60;;
2700;SDS011;1360;48.796;9.204;2020-10-13T10:26:24;16.73;;;15.87;;
2700;SDS011;1360;48.796;9.204;2020-10-13T10:28:51;17.83;;;16.77;;
2700;SDS011;1360;48.796;9.204;2020-10-13T10:31:23;32.07;;;30.57;;
2700;SDS011;1360;48.796;9.204;2020-10-13T10:34:06;56.27;;;53.80;;
2700;SDS011;1360;48.796;9.204;2020-10-13T10:36:34;48.57;;;46.40;;
2700;SDS011;1360;48.796;9.204;2020-10-13T10:39:22;41.83;;;39.93;;
2700;SDS011;1360;48.796;9.204;2020-10-13T10:41:54;31.57;;;30.17;;
2700;SDS011;1360;48.796;9.204;2020-10-13T10:44:21;33.83;;;32.37;;
2700;SDS011;1360;48.796;9.204;2020-10-13T10:46:49;44.13;;;42.10;;
2700;SDS011;1360;48.796;9.204;2020-10-13T10:49:18;31.23;;;29.87;;
2700;SDS011;1360;48.796;9.204;2020-10-13T10:51:46;23.23;;;22.20;;
2700;SDS011;1360;48.796;9.204;2020-10-13T10:54:13;18.47;;;17.40;;
2700;SDS011;1360;48.796;9.204;2020-10-13T10:56:41;12.60;;;11.83;;
2700;SDS011;1360;48.796;9.204;2020-10-13T10:59:10;10.80;;;10.10;;
2700;SDS011;1360;48.796;9.204;2020-10-13T11:01:37;14.37;;;13.57;;
2700;SDS011;1360;48.796;9.204;2020-10-13T11:04:05;9.97;;;9.47;;
2700;SDS011;1360;48.796;9.204;2020-10-13T11:06:32;11.37;;;10.87;;
2700;SDS011;1360;48.796;9.204;2020-10-13T11:08:59;12.13;;;11.63;;
2700;SDS011;1360;48.796;9.204;2020-10-13T11:11:26;47.67;;;45.40;;
2700;SDS011;1360;48.796;9.204;2020-10-13T11:13:53;48.77;;;46.40;;
2700;SDS011;1360;48.796;9.204;2020-10-13T11:16:21;64.13;;;61.07;;
2700;SDS011;1360;48.796;9.204;2020-10-13T11:18:48;65.10;;;61.93;;
2700;SDS011;1360;48.796;9.204;2020-10-13T11:21:15;54.20;;;51.60;;
2700;SDS011;1360;48.796;9.204;2020-10-13T11:23:47;36.23;;;34.13;;
2700;SDS011;1360;48.796;9.204;2020-10-13T11:26:32;30.77;;;29.17;;
2700;SDS011;1360;48.796;9.204;2020-10-13T11:29:00;31.53;;;30.00;;
2700;SDS011;1360;48.796;9.204;2020-10-13T11:31:29;38.63;;;36.47;;
2700;SDS011;1360;48.796;9.204;2020-10-13T11:33:56;26.67;;;25.23;;
2700;SDS011;1360;48.796;9.204;2020-10-13T11:36:23;26.03;;;24.40;;
2700;SDS011;1360;48.796;9.204;2020-10-13T11:38:50;12.43;;;11.50;;
2700;SDS011;1360;48.796;9.204;2020-10-13T11:41:17;21.00;;;19.67;;
2700;SDS011;1360;48.796;9.204;2020-10-13T11:43:44;128.13;;;122.07;;
2700;SDS011;1360;48.796;9.204;2020-10-13T11:46:13;188.47;;;178.93;;
2700;SDS011;1360;48.796;9.204;2020-10-13T11:48:42;97.03;;;91.87;;
2700;SDS011;1360;48.796;9.204;2020-10-13T11:51:09;105.43;;;100.13;;
2700;SDS011;1360;48.796;9.204;2020-10-13T11:53:37;44.93;;;42.53;;
2700;SDS011;1360;48.796;9.204;2020-10-13T11:56:04;99.27;;;94.70;;
2700;SDS011;1360;48.796;9.204;2020-10-13T11:58:32;131.57;;;125.50;;
2700;SDS011;1360;48.796;9.204;2020-10-13T12:00:59;115.20;;;109.87;;
2700;SDS011;1360;48.796;9.204;2020-10-13T12:03:27;83.30;;;79.53;;
2700;SDS011;1360;48.796;9.204;2020-10-13T12:05:55;39.47;;;37.70;;
2700;SDS011;1360;48.796;9.204;2020-10-13T12:08:22;96.13;;;91.50;;
2700;SDS011;1360;48.796;9.204;2020-10-13T12:10:49;39.83;;;38.13;;
2700;SDS011;1360;48.796;9.204;2020-10-13T12:13:19;124.03;;;117.97;;
2700;SDS011;1360;48.796;9.204;2020-10-13T12:15:46;52.00;;;49.60;;
2700;SDS011;1360;48.796;9.204;2020-10-13T12:18:16;20.57;;;19.60;;
2700;SDS011;1360;48.796;9.204;2020-10-13T12:20:46;19.87;;;18.87;;
2700;SDS011;1360;48.796;9.204;2020-10-13T12:23:15;10.30;;;9.80;;
2700;SDS011;1360;48.796;9.204;2020-10-13T12:25:42;9.47;;;8.97;;
2700;SDS011;1360;48.796;9.204;2020-10-13T12:28:09;8.17;;;7.77;;
2700;SDS011;1360;48.796;9.204;2020-10-13T12:30:36;12.83;;;12.13;;
2700;SDS011;1360;48.796;9.204;2020-10-13T12:33:05;38.90;;;37.20;;
2700;SDS011;1360;48.796;9.204;2020-10-13T12:35:32;22.30;;;21.27;;
2700;SDS011;1360;48.796;9.204;2020-10-13T12:37:59;51.27;;;49.07;;
2700;SDS011;1360;48.796;9.204;2020-10-13T12:40:27;42.13;;;40.23;;
2700;SDS011;1360;48.796;9.204;2020-10-13T12:42:55;38.40;;;36.63;;
2700;SDS011;1360;48.796;9.204;2020-10-13T12:45:22;42.70;;;40.70;;
2700;SDS011;1360;48.796;9.204;2020-10-13T12:47:50;37.67;;;35.93;;
2700;SDS011;1360;48.796;9.204;2020-10-13T12:50:18;29.60;;;28.27;;
2700;SDS011;1360;48.796;9.204;2020-10-13T12:52:46;35.47;;;33.83;;
2700;SDS011;1360;48.796;9.204;2020-10-13T12:55:14;36.53;;;34.73;;
2700;SDS011;1360;48.796;9.204;2020-10-13T12:57:42;19.70;;;18.80;;
2700;SDS011;1360;48.796;9.204;2020-10-13T13:00:18;29.47;;;28.10;;
2700;SDS011;1360;48.796;9.204;2020-10-13T13:02:45;30.43;;;29.10;;
2700;SDS011;1360;48.796;9.204;2020-10-13T13:05:12;31.13;;;29.77;;
2700;SDS011;1360;48.796;9.204;2020-10-13T13:07:39;25.20;;;23.97;;
2700;SDS011;1360;48.796;9.204;2020-10-13T13:10:07;34.17;;;32.63;;
2700;SDS011;1360;48.796;9.204;2020-10-13T13:12:34;41.03;;;39.30;;
2700;SDS011;1360;48.796;9.204;2020-10-13T13:15:02;15.77;;;15.07;;
2700;SDS011;1360;48.796;9.204;2020-10-13T13:17:29;20.43;;;19.50;;
2700;SDS011;1360;48.796;9.204;2020-10-13T13:19:56;18.77;;;17.80;;
2700;SDS011;1360;48.796;9.204;2020-10-13T13:22:23;51.87;;;49.57;;
2700;SDS011;1360;48.796;9.204;2020-10-13T13:24:51;71.03;;;67.77;;
2700;SDS011;1360;48.796;9.204;2020-10-13T13:27:18;19.70;;;18.80;;
2700;SDS011;1360;48.796;9.204;2020-10-13T13:29:45;60.37;;;57.53;;
2700;SDS011;1360;48.796;9.204;2020-10-13T13:32:13;114.93;;;109.67;;
2700;SDS011;1360;48.796;9.204;2020-10-13T13:34:41;125.63;;;119.77;;
2700;SDS011;1360;48.796;9.204;2020-10-13T13:37:08;115.40;;;110.20;;
2700;SDS011;1360;48.796;9.204;2020-10-13T13:39:35;101.63;;;96.93;;
2700;SDS011;1360;48.796;9.204;2020-10-13T13:42:04;59.20;;;56.33;;
2700;SDS011;1360;48.796;9.204;2020-10-13T13:44:38;42.43;;;40.50;;
2700;SDS011;1360;48.796;9.204;2020-10-13T13:47:05;74.20;;;70.77;;
2700;SDS011;1360;48.796;9.204;2020-10-13T13:49:33;107.10;;;102.17;;
2700;SDS011;1360;48.796;9.204;2020-10-13T13:51:59;46.73;;;44.57;;
2700;SDS011;1360;48.796;9.204;2020-10-13T13:54:26;45.40;;;43.37;;
2700;SDS011;1360;48.796;9.204;2020-10-13T13:56:53;72.93;;;69.50;;
2700;SDS011;1360;48.796;9.204;2020-10-13T13:59:21;107.07;;;102.33;;
2700;SDS011;1360;48.796;9.204;2020-10-13T14:01:48;76.90;;;73.40;;
2700;SDS011;1360;48.796;9.204;2020-10-13T14:04:15;22.17;;;21.13;;
2700;SDS011;1360;48.796;9.204;2020-10-13T14:06:42;23.17;;;22.13;;
2700;SDS011;1360;48.796;9.204;2020-10-13T14:09:23;45.53;;;43.43;;
2700;SDS011;1360;48.796;9.204;2020-10-13T14:11:50;28.53;;;26.83;;
2700;SDS011;1360;48.796;9.204;2020-10-13T14:14:17;74.77;;;71.37;;
2700;SDS011;1360;48.796;9.204;2020-10-13T14:16:43;63.93;;;61.17;;
2700;SDS011;1360;48.796;9.204;2020-10-13T14:19:10;80.37;;;76.83;;
2700;SDS011;1360;48.796;9.204;2020-10-13T14:24:14;19.47;;;18.57;;
2700;SDS011;1360;48.796;9.204;2020-10-13T14:26:40;61.97;;;58.87;;
2700;SDS011;1360;48.796;9.204;2020-10-13T14:29:08;61.77;;;58.97;;
2700;SDS011;1360;48.796;9.204;2020-10-13T14:31:35;33.47;;;31.80;;
2700;SDS011;1360;48.796;9.204;2020-10-13T14:34:02;43.87;;;41.77;;
2700;SDS011;1360;48.796;9.204;2020-10-13T14:36:29;88.70;;;84.70;;
2700;SDS011;1360;48.796;9.204;2020-10-13T14:38:56;59.03;;;56.33;;
2700;SDS011;1360;48.796;9.204;2020-10-13T14:41:24;24.83;;;23.73;;
2700;SDS011;1360;48.796;9.204;2020-10-13T14:43:52;16.23;;;15.53;;
2700;SDS011;1360;48.796;9.204;2020-10-13T14:46:19;9.87;;;9.37;;
2700;SDS011;1360;48.796;9.204;2020-10-13T14:48:46;11.13;;;10.40;;
2700;SDS011;1360;48.796;9.204;2020-10-13T14:51:14;17.23;;;16.43;;
2700;SDS011;1360;48.796;9.204;2020-10-13T14:53:41;9.27;;;8.77;;
2700;SDS011;1360;48.796;9.204;2020-10-13T14:56:08;21.87;;;20.73;;
2700;SDS011;1360;48.796;9.204;2020-10-13T14:58:36;15.93;;;15.13;;
2700;SDS011;1360;48.796;9.204;2020-10-13T15:01:03;15.07;;;14.23;;
2700;SDS011;1360;48.796;9.204;2020-10-13T15:03:30;17.47;;;16.57;;
2700;SDS011;1360;48.796;9.204;2020-10-13T15:05:57;16.10;;;15.10;;
2700;SDS011;1360;48.796;9.204;2020-10-13T15:08:25;12.10;;;11.60;;
2700;SDS011;1360;48.796;9.204;2020-10-13T15:10:52;17.37;;;16.53;;
2700;SDS011;1360;48.796;9.204;2020-10-13T15:13:21;39.07;;;37.33;;
2700;SDS011;1360;48.796;9.204;2020-10-13T15:15:49;58.03;;;55.20;;
2700;SDS011;1360;48.796;9.204;2020-10-13T15:18:16;83.73;;;79.70;;
2700;SDS011;1360;48.796;9.204;2020-10-13T15:20:43;81.67;;;77.83;;
2700;SDS011;1360;48.796;9.204;2020-10-13T15:23:11;99.87;;;95.47;;
2700;SDS011;1360;48.796;9.204;2020-10-13T15:25:38;64.37;;;61.47;;
2700;SDS011;1360;48.796;9.204;2020-10-13T15:28:04;39.80;;;37.90;;
2700;SDS011;1360;48.796;9.204;2020-10-13T15:30:32;90.10;;;86.10;;
2700;SDS011;1360;48.796;9.204;2020-10-13T15:33:00;146.30;;;139.57;;
2700;SDS011;1360;48.796;9.204;2020-10-13T15:35:27;92.63;;;88.40;;
2700;SDS011;1360;48.796;9.204;2020-10-13T15:37:54;46.47;;;44.30;;
2700;SDS011;1360;48.796;9.204;2020-10-13T15:40:21;17.70;;;16.40;;
2700;SDS011;1360;48.796;9.204;2020-10-13T15:42:49;22.57;;;21.57;;
2700;SDS011;1360;48.796;9.204;2020-10-13T15:48:03;33.47;;;31.77;;
2700;SDS011;1360;48.796;9.204;2020-10-13T15:50:29;30.10;;;28.67;;
2700;SDS011;1360;48.796;9.204;2020-10-13T15:52:56;21.60;;;20.47;;
2700;SDS011;1360;48.796;9.204;2020-10-13T15:55:23;14.37;;;13.60;;
2700;SDS011;1360;48.796;9.204;2020-10-13T15:57:50;19.30;;;18.37;;
2700;SDS011;1360;48.796;9.204;2020-10-13T16:00:18;9.70;;;9.30;;
2700;SDS011;1360;48.796;9.204;2020-10-13T16:02:45;17.77;;;16.77;;
2700;SDS011;1360;48.796;9.204;2020-10-13T16:05:14;27.20;;;26.00;;
2700;SDS011;1360;48.796;9.204;2020-10-13T16:07:41;41.13;;;39.23;;
2700;SDS011;1360;48.796;9.204;2020-10-13T16:13:16;40.53;;;38.63;;
2700;SDS011;1360;48.796;9.204;2020-10-13T16:15:43;48.77;;;46.27;;
2700;SDS011;1360;48.796;9.204;2020-10-13T16:18:09;19.23;;;18.33;;
2700;SDS011;1360;48.796;9.204;2020-10-13T16:20:37;14.67;;;13.97;;
2700;SDS011;1360;48.796;9.204;2020-10-13T16:23:04;18.67;;;17.70;;
2700;SDS011;1360;48.796;9.204;2020-10-13T16:25:32;69.10;;;65.87;;
2700;SDS011;1360;48.796;9.204;2020-10-13T16:28:00;46.33;;;44.03;;
2700;SDS011;1360;48.796;9.204;2020-10-13T16:30:26;49.13;;;46.67;;
2700;SDS011;1360;48.796;9.204;2020-10-13T16:32:53;62.83;;;60.00;;
2700;SDS011;1360;48.796;9.204;2020-10-13T16:35:20;73.33;;;69.90;;
2700;SDS011;1360;48.796;9.204;2020-10-13T16:37:49;141.03;;;134.37;;
2700;SDS011;1360;48.796;9.204;2020-10-13T16:40:16;69.23;;;65.77;;
2700;SDS011;1360;48.796;9.204;2020-10-13T16:42:43;39.33;;;37.40;;
2700;SDS011;1360;48.796;9.204;2020-10-13T16:45:09;35.27;;;33.57;;
2700;SDS011;1360;48.796;9.204;2020-10-13T16:47:37;50.97;;;48.37;;
2700;SDS011;1360;48.796;9.204;2020-10-13T16:50:04;95.73;;;90.70;;
2700;SDS011;1360;48.796;9.204;2020-10-13T16:52:32;89.17;;;84.77;;
2700;SDS011;1360;48.796;9.204;2020-10-13T16:55:00;27.83;;;26.53;;
2700;SDS011;1360;48.796;9.204;2020-10-13T16:57:29;20.07;;;19.13;;
2700;SDS011;1360;48.796;9.204;2020-10-13T16:59:56;16.87;;;16.07;;
2700;SDS011;1360;48.796;9.204;2020-10-13T17:02:23;54.67;;;52.10;;
2700;SDS011;1360;48.796;9.204;2020-10-13T17:04:49;8.13;;;7.63;;
2700;SDS011;1360;48.796;9.204;2020-10-13T17:07:16;39.23;;;37.37;;
2700;SDS011;1360;48.796;9.204;2020-10-13T17:09:43;25.87;;;24.80;;
2700;SDS011;1360;48.796;9.204;2020-10-13T17:12:11;22.80;;;21.30;;
2700;SDS011;1360;48.796;9.204;2020-10-13T17:14:37;25.60;;;24.43;;
2700;SDS011;1360;48.796;9.204;2020-10-13T17:17:04;22.83;;;21.67;;
2700;SDS011;1360;48.796;9.204;2020-10-13T17:19:31;17.47;;;16.67;;
2700;SDS011;1360;48.796;9.204;2020-10-13T17:21:58;11.73;;;11.03;;
2700;SDS011;1360;48.796;9.204;2020-10-13T17:24:25;8.63;;;8.03;;
2700;SDS011;1360;48.796;9.204;2020-10-13T17:26:52;7.57;;;7.00;;
2700;SDS011;1360;48.796;9.204;2020-10-13T17:29:20;13.40;;;12.77;;
2700;SDS011;1360;48.796;9.204;2020-10-13T17:31:46;60.77;;;58.07;;
2700;SDS011;1360;48.796;9.204;2020-10-13T17:34:13;24.73;;;23.47;;
2700;SDS011;1360;48.796;9.204;2020-10-13T17:36:40;22.07;;;21.00;;
2700;SDS011;1360;48.796;9.204;2020-10-13T17:39:07;44.33;;;42.27;;
2700;SDS011;1360;48.796;9.204;2020-10-13T17:41:40;21.33;;;20.40;;
2700;SDS011;1360;48.796;9.204;2020-10-13T17:44:12;41.50;;;39.60;;
2700;SDS011;1360;48.796;9.204;2020-10-13T17:46:40;36.10;;;34.47;;
2700;SDS011;1360;48.796;9.204;2020-10-13T17:49:07;48.23;;;46.17;;
2700;SDS011;1360;48.796;9.204;2020-10-13T17:51:33;36.67;;;35.03;;
2700;SDS011;1360;48.796;9.204;2020-10-13T17:54:00;62.10;;;59.10;;
2700;SDS011;1360;48.796;9.204;2020-10-13T17:56:27;104.80;;;100.00;;
2700;SDS011;1360;48.796;9.204;2020-10-13T17:58:54;29.07;;;27.67;;
2700;SDS011;1360;48.796;9.204;2020-10-13T18:01:20;13.97;;;13.20;;
2700;SDS011;1360;48.796;9.204;2020-10-13T18:03:48;25.40;;;23.77;;
2700;SDS011;1360;48.796;9.204;2020-10-13T18:06:15;33.57;;;32.07;;
2700;SDS011;1360;48.796;9.204;2020-10-13T18:08:43;21.63;;;20.67;;
2700;SDS011;1360;48.796;9.204;2020-10-13T18:11:11;55.20;;;52.33;;
2700;SDS011;1360;48.796;9.204;2020-10-13T18:13:38;19.80;;;18.77;;
2700;SDS011;1360;48.796;9.204;2020-10-13T18:16:06;23.07;;;21.83;;
2700;SDS011;1360;48.796;9.204;2020-10-13T18:18:33;37.83;;;36.13;;
2700;SDS011;1360;48.796;9.204;2020-10-13T18:21:01;34.13;;;32.33;;
2700;SDS011;1360;48.796;9.204;2020-10-13T18:23:28;40.37;;;38.43;;
2700;SDS011;1360;48.796;9.204;2020-10-13T18:25:55;26.27;;;24.67;;
2700;SDS011;1360;48.796;9.204;2020-10-13T18:28:21;42.07;;;39.67;;
2700;SDS011;1360;48.796;9.204;2020-10-13T18:30:48;48.10;;;45.90;;
2700;SDS011;1360;48.796;9.204;2020-10-13T18:33:15;67.23;;;64.27;;
2700;SDS011;1360;48.796;9.204;2020-10-13T18:35:43;39.33;;;37.37;;
2700;SDS011;1360;48.796;9.204;2020-10-13T18:38:15;44.37;;;42.10;;
2700;SDS011;1360;48.796;9.204;2020-10-13T18:40:43;18.67;;;17.67;;
2700;SDS011;1360;48.796;9.204;2020-10-13T18:43:10;37.50;;;35.83;;
2700;SDS011;1360;48.796;9.204;2020-10-13T18:45:38;40.50;;;38.57;;
2700;SDS011;1360;48.796;9.204;2020-10-13T18:48:09;26.40;;;25.07;;
2700;SDS011;1360;48.796;9.204;2020-10-13T18:50:36;35.70;;;34.03;;
2700;SDS011;1360;48.796;9.204;2020-10-13T18:53:03;42.43;;;40.40;;
2700;SDS011;1360;48.796;9.204;2020-10-13T18:55:31;52.60;;;50.20;;
2700;SDS011;1360;48.796;9.204;2020-10-13T18:57:58;59.03;;;56.43;;
2700;SDS011;1360;48.796;9.204;2020-10-13T19:00:29;41.13;;;39.20;;
2700;SDS011;1360;48.796;9.204;2020-10-13T19:02:56;18.60;;;17.40;;
2700;SDS011;1360;48.796;9.204;2020-10-13T19:05:22;23.37;;;21.77;;
2700;SDS011;1360;48.796;9.204;2020-10-13T19:07:49;23.43;;;22.30;;
2700;SDS011;1360;48.796;9.204;2020-10-13T19:10:16;18.70;;;17.70;;
2700;SDS011;1360;48.796;9.204;2020-10-13T19:12:44;25.47;;;23.87;;
2700;SDS011;1360;48.796;9.204;2020-10-13T19:15:11;54.00;;;51.17;;
2700;SDS011;1360;48.796;9.204;2020-10-13T19:17:55;59.47;;;56.67;;
2700;SDS011;1360;48.796;9.204;2020-10-13T19:20:25;80.97;;;77.27;;
2700;SDS011;1360;48.796;9.204;2020-10-13T19:22:52;75.30;;;71.83;;
2700;SDS011;1360;48.796;9.204;2020-10-13T19:25:19;80.73;;;76.80;;
2700;SDS011;1360;48.796;9.204;2020-10-13T19:27:47;46.97;;;44.70;;
2700;SDS011;1360;48.796;9.204;2020-10-13T19:30:14;36.87;;;35.07;;
2700;SDS011;1360;48.796;9.204;2020-10-13T19:32:40;33.67;;;32.10;;
2700;SDS011;1360;48.796;9.204;2020-10-13T19:35:08;30.40;;;28.87;;
2700;SDS011;1360;48.796;9.204;2020-10-13T19:37:35;35.50;;;33.90;;
2700;SDS011;1360;48.796;9.204;2020-10-13T19:40:16;47.43;;;45.20;;
2700;SDS011;1360;48.796;9.204;2020-10-13T19:42:43;30.10;;;28.53;;
2700;SDS011;1360;48.796;9.204;2020-10-13T19:45:11;34.30;;;32.43;;
2700;SDS011;1360;48.796;9.204;2020-10-13T19:47:39;63.43;;;60.57;;
2700;SDS011;1360;48.796;9.204;2020-10-13T19:50:06;82.33;;;78.60;;
2700;SDS011;1360;48.796;9.204;2020-10-13T19:52:33;65.60;;;62.70;;
2700;SDS011;1360;48.796;9.204;2020-10-13T19:55:00;43.17;;;40.93;;
2700;SDS011;1360;48.796;9.204;2020-10-13T19:57:27;42.37;;;40.43;;
2700;SDS011;1360;48.796;9.204;2020-10-13T19:59:53;44.53;;;42.37;;
2700;SDS011;1360;48.796;9.204;2020-10-13T20:02:21;43.50;;;41.37;;
2700;SDS011;1360;48.796;9.204;2020-10-13T20:04:48;38.70;;;36.97;;
2700;SDS011;1360;48.796;9.204;2020-10-13T20:07:15;44.20;;;41.97;;
2700;SDS011;1360;48.796;9.204;2020-10-13T20:09:43;59.17;;;56.50;;
2700;SDS011;1360;48.796;9.204;2020-10-13T20:12:09;49.50;;;47.17;;
2700;SDS011;1360;48.796;9.204;2020-10-13T20:14:37;52.33;;;49.97;;
2700;SDS011;1360;48.796;9.204;2020-10-13T20:17:04;44.90;;;42.67;;
2700;SDS011;1360;48.796;9.204;2020-10-13T20:19:32;55.90;;;53.20;;
2700;SDS011;1360;48.796;9.204;2020-10-13T20:21:59;43.83;;;41.43;;
2700;SDS011;1360;48.796;9.204;2020-10-13T20:24:26;34.53;;;32.77;;
2700;SDS011;1360;48.796;9.204;2020-10-13T20:26:54;31.37;;;29.70;;
2700;SDS011;1360;48.796;9.204;2020-10-13T20:29:21;29.53;;;28.07;;
2700;SDS011;1360;48.796;9.204;2020-10-13T20:31:48;45.40;;;43.20;;
2700;SDS011;1360;48.796;9.204;2020-10-13T20:34:15;60.20;;;56.80;;
2700;SDS011;1360;48.796;9.204;2020-10-13T20:36:43;30.13;;;28.37;;
2700;SDS011;1360;48.796;9.204;2020-10-13T20:41:53;52.83;;;50.10;;
2700;SDS011;1360;48.796;9.204;2020-10-13T20:44:20;48.40;;;46.00;;
2700;SDS011;1360;48.796;9.204;2020-10-13T20:46:47;46.60;;;44.17;;
2700;SDS011;1360;48.796;9.204;2020-10-13T20:49:14;60.53;;;57.43;;
2700;SDS011;1360;48.796;9.204;2020-10-13T20:51:41;78.67;;;74.13;;
2700;SDS011;1360;48.796;9.204;2020-10-13T20:54:09;72.17;;;68.77;;
2700;SDS011;1360;48.796;9.204;2020-10-13T20:56:36;90.80;;;86.67;;
2700;SDS011;1360;48.796;9.204;2020-10-13T20:59:03;75.43;;;72.10;;
2700;SDS011;1360;48.796;9.204;2020-10-13T21:01:30;89.73;;;85.77;;
2700;SDS011;1360;48.796;9.204;2020-10-13T21:03:56;53.83;;;51.37;;
2700;SDS011;1360;48.796;9.204;2020-10-13T21:06:23;87.77;;;83.77;;
2700;SDS011;1360;48.796;9.204;2020-10-13T21:08:50;63.20;;;60.20;;
2700;SDS011;1360;48.796;9.204;2020-10-13T21:11:18;64.87;;;61.50;;
2700;SDS011;1360;48.796;9.204;2020-10-13T21:13:45;91.40;;;87.20;;
2700;SDS011;1360;48.796;9.204;2020-10-13T21:16:12;91.93;;;87.43;;
2700;SDS011;1360;48.796;9.204;2020-10-13T21:18:40;100.87;;;96.20;;
2700;SDS011;1360;48.796;9.204;2020-10-13T21:21:08;83.93;;;79.93;;
2700;SDS011;1360;48.796;9.204;2020-10-13T21:23:35;67.13;;;63.50;;
2700;SDS011;1360;48.796;9.204;2020-10-13T21:26:02;59.53;;;56.67;;
2700;SDS011;1360;48.796;9.204;2020-10-13T21:28:31;50.43;;;47.90;;
2700;SDS011;1360;48.796;9.204;2020-10-13T21:30:59;44.53;;;42.20;;
2700;SDS011;1360;48.796;9.204;2020-10-13T21:33:28;48.53;;;46.10;;
2700;SDS011;1360;48.796;9.204;2020-10-13T21:35:55;40.17;;;38.07;;
2700;SDS011;1360;48.796;9.204;2020-10-13T21:38:21;38.50;;;36.43;;
2700;SDS011;1360;48.796;9.204;2020-10-13T21:40:49;40.50;;;38.40;;
2700;SDS011;1360;48.796;9.204;2020-10-13T21:43:17;44.80;;;42.17;;
2700;SDS011;1360;48.796;9.204;2020-10-13T21:45:48;47.47;;;45.27;;
2700;SDS011;1360;48.796;9.204;2020-10-13T21:48:15;60.67;;;57.63;;
2700;SDS011;1360;48.796;9.204;2020-10-13T21:50:42;54.67;;;52.17;;
2700;SDS011;1360;48.796;9.204;2020-10-13T21:53:09;46.57;;;44.47;;
2700;SDS011;1360;48.796;9.204;2020-10-13T21:55:38;33.40;;;31.70;;
2700;SDS011;1360;48.796;9.204;2020-10-13T21:58:05;32.87;;;31.27;;
2700;SDS011;1360;48.796;9.204;2020-10-13T22:00:33;44.67;;;42.47;;
2700;SDS011;1360;48.796;9.204;2020-10-13T22:03:14;83.73;;;79.90;;
2700;SDS011;1360;48.796;9.204;2020-10-13T22:05:41;45.07;;;42.40;;
2700;SDS011;1360;48.796;9.204;2020-10-13T22:08:08;40.83;;;38.97;;
2700;SDS011;1360;48.796;9.204;2020-10-13T22:10:35;41.60;;;39.23;;
2700;SDS011;1360;48.796;9.204;2020-10-13T22:13:03;53.07;;;50.30;;
2700;SDS011;1360;48.796;9.204;2020-10-13T22:15:31;56.60;;;53.77;;
2700;SDS011;1360;48.796;9.204;2020-10-13T22:17:58;50.93;;;48.43;;
2700;SDS011;1360;48.796;9.204;2020-10-13T22:20:26;48.73;;;46.23;;
2700;SDS011;1360;48.796;9.204;2020-10-13T22:22:54;55.20;;;52.70;;
2700;SDS011;1360;48.796;9.204;2020-10-13T22:25:21;52.90;;;49.63;;
2700;SDS011;1360;48.796;9.204;2020-10-13T22:27:47;59.17;;;56.43;;
2700;SDS011;1360;48.796;9.204;2020-10-13T22:30:14;58.20;;;55.70;;
2700;SDS011;1360;48.796;9.204;2020-10-13T22:32:41;67.47;;;64.37;;
2700;SDS011;1360;48.796;9.204;2020-10-13T22:35:10;49.47;;;47.13;;
2700;SDS011;1360;48.796;9.204;2020-10-13T22:37:38;57.87;;;55.13;;
2700;SDS011;1360;48.796;9.204;2020-10-13T22:40:07;57.97;;;55.17;;
2700;SDS011;1360;48.796;9.204;2020-10-13T22:42:33;115.53;;;109.77;;
2700;SDS011;1360;48.796;9.204;2020-10-13T22:45:00;54.67;;;51.97;;
2700;SDS011;1360;48.796;9.204;2020-10-13T22:47:27;59.90;;;57.00;;
2700;SDS011;1360;48.796;9.204;2020-10-13T22:49:54;63.63;;;60.73;;
2700;SDS011;1360;48.796;9.204;2020-10-13T22:52:21;62.27;;;59.33;;
2700;SDS011;1360;48.796;9.204;2020-10-13T22:54:49;47.67;;;45.47;;
2700;SDS011;1360;48.796;9.204;2020-10-13T22:57:16;54.73;;;51.97;;
2700;SDS011;1360;48.796;9.204;2020-10-13T22:59:43;74.13;;;70.63;;
2700;SDS011;1360;48.796;9.204;2020-10-13T23:02:10;64.33;;;61.27;;
2700;SDS011;1360;48.796;9.204;2020-10-13T23:04:37;44.53;;;42.53;;
2700;SDS011;1360;48.796;9.204;2020-10-13T23:07:05;54.60;;;51.83;;
2700;SDS011;1360;48.796;9.204;2020-10-13T23:09:32;52.03;;;49.63;;
2700;SDS011;1360;48.796;9.204;2020-10-13T23:12:01;58.60;;;55.77;;
2700;SDS011;1360;48.796;9.204;2020-10-13T23:14:28;49.43;;;47.20;;
2700;SDS011;1360;48.796;9.204;2020-10-13T23:16:55;44.57;;;42.63;;
2700;SDS011;1360;48.796;9.204;2020-10-13T23:19:22;58.60;;;55.63;;
2700;SDS011;1360;48.796;9.204;2020-10-13T23:21:50;47.37;;;45.17;;
2700;SDS011;1360;48.796;9.204;2020-10-13T23:24:17;52.13;;;49.63;;
2700;SDS011;1360;48.796;9.204;2020-10-13T23:26:44;45.57;;;43.50;;
2700;SDS011;1360;48.796;9.204;2020-10-13T23:29:12;40.43;;;38.53;;
2700;SDS011;1360;48.796;9.204;2020-10-13T23:31:39;37.27;;;35.40;;
2700;SDS011;1360;48.796;9.204;2020-10-13T23:34:07;38.70;;;36.07;;
2700;SDS011;1360;48.796;9.204;2020-10-13T23:36:34;41.80;;;39.87;;
2700;SDS011;1360;48.796;9.204;2020-10-13T23:39:02;31.80;;;30.30;;
2700;SDS011;1360;48.796;9.204;2020-10-13T23:41:36;28.60;;;27.17;;
2700;SDS011;1360;48.796;9.204;2020-10-13T23:44:18;23.57;;;22.47;;
2700;SDS011;1360;48.796;9.204;2020-10-13T23:46:44;23.63;;;22.27;;
2700;SDS011;1360;48.796;9.204;2020-10-13T23:49:11;28.50;;;27.03;;
2700;SDS011;1360;48.796;9.204;2020-10-13T23:51:38;28.47;;;27.00;;
2700;SDS011;1360;48.796;9.204;2020-10-13T23:54:05;26.73;;;25.37;;
2700;SDS011;1360;48.796;9.204;2020-10-13T23:56:31;28.30;;;26.80;;
2700;SDS011;1360;48.796;9.204;2020-10-13T23:58:58;30.03;;;28.63;;
